Date-Time,Open,High,Low,Close,Volume,Ticker_Symbol,AssetType,Name,Sector,Industry
2022-12-30,40.76,41.02,40.45,40.97,835650,ONEQ,ETF,Fidelity Nasdaq Composite Index ETF,MULTIPLE,MULTIPLE
2022-12-29,40.38,41.17,40.38,41.09,554247,ONEQ,ETF,Fidelity Nasdaq Composite Index ETF,MULTIPLE,MULTIPLE
2022-12-28,40.49,40.82,40.0,40.02,614353,ONEQ,ETF,Fidelity Nasdaq Composite Index ETF,MULTIPLE,MULTIPLE
2022-12-27,40.96,41.0038,40.51,40.56,1330294,ONEQ,ETF,Fidelity Nasdaq Composite Index ETF,MULTIPLE,MULTIPLE
2022-12-23,40.95,41.22,40.6,41.09,265437,ONEQ,ETF,Fidelity Nasdaq Composite Index ETF,MULTIPLE,MULTIPLE
2022-12-22,41.51,41.52,40.4243,41.1,594939,ONEQ,ETF,Fidelity Nasdaq Composite Index ETF,MULTIPLE,MULTIPLE
2022-12-21,41.6,42.145,41.4455,42.0,687348,ONEQ,ETF,Fidelity Nasdaq Composite Index ETF,MULTIPLE,MULTIPLE
2022-12-20,41.11,41.59,40.93,41.35,351731,ONEQ,ETF,Fidelity Nasdaq Composite Index ETF,MULTIPLE,MULTIPLE
2022-12-19,41.92,42.0,41.16,41.31,407779,ONEQ,ETF,Fidelity Nasdaq Composite Index ETF,MULTIPLE,MULTIPLE
2022-12-16,42.13,42.44,41.7,41.96,810991,ONEQ,ETF,Fidelity Nasdaq Composite Index ETF,MULTIPLE,MULTIPLE
2022-12-15,43.21,43.3778,42.3701,42.56,392315,ONEQ,ETF,Fidelity Nasdaq Composite Index ETF,MULTIPLE,MULTIPLE
2022-12-14,44.31,44.64,43.48,43.92,217220,ONEQ,ETF,Fidelity Nasdaq Composite Index ETF,MULTIPLE,MULTIPLE
2022-12-13,45.31,45.475,43.91,44.27,593942,ONEQ,ETF,Fidelity Nasdaq Composite Index ETF,MULTIPLE,MULTIPLE
2022-12-12,43.25,43.85,43.18,43.85,403309,ONEQ,ETF,Fidelity Nasdaq Composite Index ETF,MULTIPLE,MULTIPLE
2022-12-09,43.43,43.7913,43.25,43.25,256886,ONEQ,ETF,Fidelity Nasdaq Composite Index ETF,MULTIPLE,MULTIPLE
2022-12-08,43.36,43.73,43.0,43.51,337363,ONEQ,ETF,Fidelity Nasdaq Composite Index ETF,MULTIPLE,MULTIPLE
2022-12-07,43.15,43.39,42.8831,43.06,399625,ONEQ,ETF,Fidelity Nasdaq Composite Index ETF,MULTIPLE,MULTIPLE
2022-12-06,44.15,44.1743,43.06,43.27,334603,ONEQ,ETF,Fidelity Nasdaq Composite Index ETF,MULTIPLE,MULTIPLE
2022-12-05,44.82,44.93,44.03,44.22,363883,ONEQ,ETF,Fidelity Nasdaq Composite Index ETF,MULTIPLE,MULTIPLE
2022-12-02,44.36,45.2,44.36,45.09,315818,ONEQ,ETF,Fidelity Nasdaq Composite Index ETF,MULTIPLE,MULTIPLE
2022-12-01,45.23,45.44,44.78,45.17,499593,ONEQ,ETF,Fidelity Nasdaq Composite Index ETF,MULTIPLE,MULTIPLE
2022-11-30,43.31,45.08,43.12,45.02,539980,ONEQ,ETF,Fidelity Nasdaq Composite Index ETF,MULTIPLE,MULTIPLE
2022-11-29,43.57,43.59,43.025,43.22,194250,ONEQ,ETF,Fidelity Nasdaq Composite Index ETF,MULTIPLE,MULTIPLE
2022-11-28,43.85,44.095,43.32,43.48,320284,ONEQ,ETF,Fidelity Nasdaq Composite Index ETF,MULTIPLE,MULTIPLE
2022-11-25,44.16,44.27,44.06,44.18,96262,ONEQ,ETF,Fidelity Nasdaq Composite Index ETF,MULTIPLE,MULTIPLE
2022-11-23,44.0,44.4601,43.9251,44.41,231664,ONEQ,ETF,Fidelity Nasdaq Composite Index ETF,MULTIPLE,MULTIPLE
2022-11-22,43.44,43.9399,43.16,43.9,143120,ONEQ,ETF,Fidelity Nasdaq Composite Index ETF,MULTIPLE,MULTIPLE
2022-11-21,43.66,43.745,43.2306,43.38,176590,ONEQ,ETF,Fidelity Nasdaq Composite Index ETF,MULTIPLE,MULTIPLE
2022-11-18,44.35,44.35,43.47,43.77,131311,ONEQ,ETF,Fidelity Nasdaq Composite Index ETF,MULTIPLE,MULTIPLE
2022-11-17,43.35,44.04,43.191,43.78,151261,ONEQ,ETF,Fidelity Nasdaq Composite Index ETF,MULTIPLE,MULTIPLE
2022-11-16,44.37,44.37,43.8661,44.02,276073,ONEQ,ETF,Fidelity Nasdaq Composite Index ETF,MULTIPLE,MULTIPLE
2022-11-15,45.1,45.17,44.16,44.61,431058,ONEQ,ETF,Fidelity Nasdaq Composite Index ETF,MULTIPLE,MULTIPLE
2022-11-14,44.21,44.6,43.8917,43.99,219856,ONEQ,ETF,Fidelity Nasdaq Composite Index ETF,MULTIPLE,MULTIPLE
2022-11-11,43.77,44.6,43.5,44.47,368793,ONEQ,ETF,Fidelity Nasdaq Composite Index ETF,MULTIPLE,MULTIPLE
2022-11-10,42.52,43.6455,42.3,43.63,477988,ONEQ,ETF,Fidelity Nasdaq Composite Index ETF,MULTIPLE,MULTIPLE
2022-11-09,41.33,41.49,40.645,40.72,257978,ONEQ,ETF,Fidelity Nasdaq Composite Index ETF,MULTIPLE,MULTIPLE
2022-11-08,41.74,42.2,41.11,41.73,301536,ONEQ,ETF,Fidelity Nasdaq Composite Index ETF,MULTIPLE,MULTIPLE
2022-11-07,41.31,41.5711,40.93,41.44,281014,ONEQ,ETF,Fidelity Nasdaq Composite Index ETF,MULTIPLE,MULTIPLE
2022-11-04,41.25,41.44,40.27,41.13,260206,ONEQ,ETF,Fidelity Nasdaq Composite Index ETF,MULTIPLE,MULTIPLE
2022-11-03,40.92,41.1199,40.4794,40.62,686054,ONEQ,ETF,Fidelity Nasdaq Composite Index ETF,MULTIPLE,MULTIPLE
2022-11-02,42.73,43.16,41.31,41.31,273119,ONEQ,ETF,Fidelity Nasdaq Composite Index ETF,MULTIPLE,MULTIPLE
2022-11-01,43.65,43.72,42.69,42.75,158708,ONEQ,ETF,Fidelity Nasdaq Composite Index ETF,MULTIPLE,MULTIPLE
2022-10-31,43.17,43.37,42.87,43.11,266669,ONEQ,ETF,Fidelity Nasdaq Composite Index ETF,MULTIPLE,MULTIPLE
2022-10-28,42.17,43.6101,42.16,43.54,231503,ONEQ,ETF,Fidelity Nasdaq Composite Index ETF,MULTIPLE,MULTIPLE
2022-10-27,42.99,43.13,42.2958,42.35,354636,ONEQ,ETF,Fidelity Nasdaq Composite Index ETF,MULTIPLE,MULTIPLE
2022-10-26,43.16,43.96,42.9563,43.05,440823,ONEQ,ETF,Fidelity Nasdaq Composite Index ETF,MULTIPLE,MULTIPLE
2022-10-25,43.14,43.95,43.115,43.9,369314,ONEQ,ETF,Fidelity Nasdaq Composite Index ETF,MULTIPLE,MULTIPLE
2022-10-24,42.58,43.0799,42.0,42.98,234950,ONEQ,ETF,Fidelity Nasdaq Composite Index ETF,MULTIPLE,MULTIPLE
2022-10-21,41.44,42.62,41.3,42.58,201581,ONEQ,ETF,Fidelity Nasdaq Composite Index ETF,MULTIPLE,MULTIPLE
2022-10-20,41.68,42.47,41.46,41.62,174707,ONEQ,ETF,Fidelity Nasdaq Composite Index ETF,MULTIPLE,MULTIPLE
2022-10-19,41.95,42.36,41.53,41.87,163270,ONEQ,ETF,Fidelity Nasdaq Composite Index ETF,MULTIPLE,MULTIPLE
2022-10-18,42.88,43.02,41.82,42.23,214406,ONEQ,ETF,Fidelity Nasdaq Composite Index ETF,MULTIPLE,MULTIPLE
2022-10-17,41.32,41.9217,41.31,41.86,250037,ONEQ,ETF,Fidelity Nasdaq Composite Index ETF,MULTIPLE,MULTIPLE
2022-10-14,42.19,42.2,40.43,40.54,406812,ONEQ,ETF,Fidelity Nasdaq Composite Index ETF,MULTIPLE,MULTIPLE
2022-10-13,39.81,41.9323,39.52,41.77,508019,ONEQ,ETF,Fidelity Nasdaq Composite Index ETF,MULTIPLE,MULTIPLE
2022-10-12,40.93,41.13,40.69,40.87,309112,ONEQ,ETF,Fidelity Nasdaq Composite Index ETF,MULTIPLE,MULTIPLE
2022-10-11,41.04,41.58,40.58,40.89,321535,ONEQ,ETF,Fidelity Nasdaq Composite Index ETF,MULTIPLE,MULTIPLE
2022-10-10,41.82,41.82,40.97,41.38,406143,ONEQ,ETF,Fidelity Nasdaq Composite Index ETF,MULTIPLE,MULTIPLE
2022-10-07,42.75,42.75,41.6,41.82,316698,ONEQ,ETF,Fidelity Nasdaq Composite Index ETF,MULTIPLE,MULTIPLE
2022-10-06,43.51,44.03,43.35,43.45,196358,ONEQ,ETF,Fidelity Nasdaq Composite Index ETF,MULTIPLE,MULTIPLE
2022-10-05,43.14,43.93,42.7757,43.69,285391,ONEQ,ETF,Fidelity Nasdaq Composite Index ETF,MULTIPLE,MULTIPLE
2022-10-04,43.25,43.8333,43.25,43.76,509747,ONEQ,ETF,Fidelity Nasdaq Composite Index ETF,MULTIPLE,MULTIPLE
2022-10-03,41.62,42.63,41.44,42.41,414562,ONEQ,ETF,Fidelity Nasdaq Composite Index ETF,MULTIPLE,MULTIPLE
2022-09-30,41.92,42.67,41.44,41.44,2578595,ONEQ,ETF,Fidelity Nasdaq Composite Index ETF,MULTIPLE,MULTIPLE
2022-09-29,42.65,42.67,41.61,42.12,479484,ONEQ,ETF,Fidelity Nasdaq Composite Index ETF,MULTIPLE,MULTIPLE
2022-09-28,42.44,43.4599,42.181,43.28,338236,ONEQ,ETF,Fidelity Nasdaq Composite Index ETF,MULTIPLE,MULTIPLE
2022-09-27,42.93,43.2193,42.06,42.44,396151,ONEQ,ETF,Fidelity Nasdaq Composite Index ETF,MULTIPLE,MULTIPLE
2022-09-26,42.53,43.2001,42.2793,42.35,514909,ONEQ,ETF,Fidelity Nasdaq Composite Index ETF,MULTIPLE,MULTIPLE
2022-09-23,42.9,43.0,42.06,42.57,793639,ONEQ,ETF,Fidelity Nasdaq Composite Index ETF,MULTIPLE,MULTIPLE
2022-09-22,43.82,43.93,43.2,43.37,444040,ONEQ,ETF,Fidelity Nasdaq Composite Index ETF,MULTIPLE,MULTIPLE
2022-09-21,44.88,45.53,43.95,43.95,224216,ONEQ,ETF,Fidelity Nasdaq Composite Index ETF,MULTIPLE,MULTIPLE
2022-09-20,44.85,45.145,44.43,44.81,709699,ONEQ,ETF,Fidelity Nasdaq Composite Index ETF,MULTIPLE,MULTIPLE
2022-09-19,44.37,45.2,44.37,45.2,188042,ONEQ,ETF,Fidelity Nasdaq Composite Index ETF,MULTIPLE,MULTIPLE
2022-09-16,44.68,44.88,44.3001,44.83,432234,ONEQ,ETF,Fidelity Nasdaq Composite Index ETF,MULTIPLE,MULTIPLE
2022-09-15,45.75,46.18,45.14,45.4,261308,ONEQ,ETF,Fidelity Nasdaq Composite Index ETF,MULTIPLE,MULTIPLE
2022-09-14,45.89,46.09,45.56,46.01,183495,ONEQ,ETF,Fidelity Nasdaq Composite Index ETF,MULTIPLE,MULTIPLE
2022-09-13,46.84,46.955,45.53,45.62,860343,ONEQ,ETF,Fidelity Nasdaq Composite Index ETF,MULTIPLE,MULTIPLE
2022-09-12,47.84,48.161,47.72,48.15,233812,ONEQ,ETF,Fidelity Nasdaq Composite Index ETF,MULTIPLE,MULTIPLE
2022-09-09,46.89,47.62,46.89,47.56,179659,ONEQ,ETF,Fidelity Nasdaq Composite Index ETF,MULTIPLE,MULTIPLE
2022-09-08,45.86,46.69,45.7139,46.52,310169,ONEQ,ETF,Fidelity Nasdaq Composite Index ETF,MULTIPLE,MULTIPLE
2022-09-07,45.39,46.3499,45.37,46.23,216591,ONEQ,ETF,Fidelity Nasdaq Composite Index ETF,MULTIPLE,MULTIPLE
2022-09-06,45.67,45.72,45.0,45.27,208685,ONEQ,ETF,Fidelity Nasdaq Composite Index ETF,MULTIPLE,MULTIPLE
2022-09-02,46.66,46.869,45.4,45.62,284981,ONEQ,ETF,Fidelity Nasdaq Composite Index ETF,MULTIPLE,MULTIPLE
2022-09-01,45.97,46.28,45.3,46.21,356633,ONEQ,ETF,Fidelity Nasdaq Composite Index ETF,MULTIPLE,MULTIPLE
2022-08-31,46.94,47.1122,46.3,46.32,195608,ONEQ,ETF,Fidelity Nasdaq Composite Index ETF,MULTIPLE,MULTIPLE
2022-08-30,47.37,47.44,46.2,46.53,294756,ONEQ,ETF,Fidelity Nasdaq Composite Index ETF,MULTIPLE,MULTIPLE
2022-08-29,47.08,47.53,46.9309,47.07,370571,ONEQ,ETF,Fidelity Nasdaq Composite Index ETF,MULTIPLE,MULTIPLE
2022-08-26,49.55,49.64,47.59,47.59,472457,ONEQ,ETF,Fidelity Nasdaq Composite Index ETF,MULTIPLE,MULTIPLE
2022-08-25,49.05,49.52,48.86,49.51,206093,ONEQ,ETF,Fidelity Nasdaq Composite Index ETF,MULTIPLE,MULTIPLE
2022-08-24,48.51,48.99,48.4404,48.68,180820,ONEQ,ETF,Fidelity Nasdaq Composite Index ETF,MULTIPLE,MULTIPLE
2022-08-23,48.55,48.92,48.44,48.54,152455,ONEQ,ETF,Fidelity Nasdaq Composite Index ETF,MULTIPLE,MULTIPLE
2022-08-22,49.04,49.16,48.4133,48.57,274742,ONEQ,ETF,Fidelity Nasdaq Composite Index ETF,MULTIPLE,MULTIPLE
2022-08-19,50.28,50.31,49.67,49.81,246427,ONEQ,ETF,Fidelity Nasdaq Composite Index ETF,MULTIPLE,MULTIPLE
2022-08-18,50.73,50.93,50.44,50.84,379543,ONEQ,ETF,Fidelity Nasdaq Composite Index ETF,MULTIPLE,MULTIPLE
2022-08-17,50.89,51.14,50.39,50.71,360632,ONEQ,ETF,Fidelity Nasdaq Composite Index ETF,MULTIPLE,MULTIPLE
2022-08-16,51.34,51.62,50.82,51.36,266774,ONEQ,ETF,Fidelity Nasdaq Composite Index ETF,MULTIPLE,MULTIPLE
2022-08-15,50.97,51.49,50.8909,51.43,575634,ONEQ,ETF,Fidelity Nasdaq Composite Index ETF,MULTIPLE,MULTIPLE
2022-08-12,50.48,51.12,50.2659,51.12,545650,ONEQ,ETF,Fidelity Nasdaq Composite Index ETF,MULTIPLE,MULTIPLE
2022-08-11,50.8,51.0191,49.99,50.09,424084,ONEQ,ETF,Fidelity Nasdaq Composite Index ETF,MULTIPLE,MULTIPLE
2022-08-10,50.1,50.38,49.72,50.3,443190,ONEQ,ETF,Fidelity Nasdaq Composite Index ETF,MULTIPLE,MULTIPLE
2022-08-09,49.29,49.29,48.72,48.96,252674,ONEQ,ETF,Fidelity Nasdaq Composite Index ETF,MULTIPLE,MULTIPLE
2022-08-08,49.84,50.325,49.3329,49.55,441762,ONEQ,ETF,Fidelity Nasdaq Composite Index ETF,MULTIPLE,MULTIPLE
2022-08-05,49.07,49.83,49.03,49.59,279014,ONEQ,ETF,Fidelity Nasdaq Composite Index ETF,MULTIPLE,MULTIPLE
2022-08-04,49.7,49.88,49.335,49.8,392332,ONEQ,ETF,Fidelity Nasdaq Composite Index ETF,MULTIPLE,MULTIPLE
2022-08-03,48.7,49.71,48.6382,49.6,378669,ONEQ,ETF,Fidelity Nasdaq Composite Index ETF,MULTIPLE,MULTIPLE
2022-08-02,48.06,48.9378,47.96,48.37,369317,ONEQ,ETF,Fidelity Nasdaq Composite Index ETF,MULTIPLE,MULTIPLE
2022-08-01,48.33,48.95,48.012,48.46,916052,ONEQ,ETF,Fidelity Nasdaq Composite Index ETF,MULTIPLE,MULTIPLE
2022-07-29,47.95,48.63,47.709,48.55,484564,ONEQ,ETF,Fidelity Nasdaq Composite Index ETF,MULTIPLE,MULTIPLE
2022-07-28,47.18,47.68,46.54,47.61,391390,ONEQ,ETF,Fidelity Nasdaq Composite Index ETF,MULTIPLE,MULTIPLE
2022-07-27,46.01,47.275,45.86,47.08,279736,ONEQ,ETF,Fidelity Nasdaq Composite Index ETF,MULTIPLE,MULTIPLE
2022-07-26,45.77,45.88,45.1537,45.29,441543,ONEQ,ETF,Fidelity Nasdaq Composite Index ETF,MULTIPLE,MULTIPLE
2022-07-25,46.42,46.42,45.83,46.16,296204,ONEQ,ETF,Fidelity Nasdaq Composite Index ETF,MULTIPLE,MULTIPLE
2022-07-22,47.18,47.315,46.079,46.36,193190,ONEQ,ETF,Fidelity Nasdaq Composite Index ETF,MULTIPLE,MULTIPLE
2022-07-21,46.68,47.24,46.22,47.24,226928,ONEQ,ETF,Fidelity Nasdaq Composite Index ETF,MULTIPLE,MULTIPLE
2022-07-20,45.93,46.7252,45.805,46.59,438494,ONEQ,ETF,Fidelity Nasdaq Composite Index ETF,MULTIPLE,MULTIPLE
2022-07-19,44.93,45.85,44.81,45.85,213483,ONEQ,ETF,Fidelity Nasdaq Composite Index ETF,MULTIPLE,MULTIPLE
2022-07-18,45.2,45.48,44.3,44.47,195225,ONEQ,ETF,Fidelity Nasdaq Composite Index ETF,MULTIPLE,MULTIPLE
2022-07-15,44.41,44.78,44.1901,44.78,352243,ONEQ,ETF,Fidelity Nasdaq Composite Index ETF,MULTIPLE,MULTIPLE
2022-07-14,43.6,44.1226,43.05,44.01,295071,ONEQ,ETF,Fidelity Nasdaq Composite Index ETF,MULTIPLE,MULTIPLE
2022-07-13,43.33,44.3,43.14,44.01,211073,ONEQ,ETF,Fidelity Nasdaq Composite Index ETF,MULTIPLE,MULTIPLE
2022-07-12,44.64,44.9334,43.86,44.12,233582,ONEQ,ETF,Fidelity Nasdaq Composite Index ETF,MULTIPLE,MULTIPLE
2022-07-11,45.2,45.2,44.43,44.54,220639,ONEQ,ETF,Fidelity Nasdaq Composite Index ETF,MULTIPLE,MULTIPLE
2022-07-08,44.95,45.7457,44.93,45.55,284810,ONEQ,ETF,Fidelity Nasdaq Composite Index ETF,MULTIPLE,MULTIPLE
2022-07-07,44.72,45.57,44.7,45.46,334067,ONEQ,ETF,Fidelity Nasdaq Composite Index ETF,MULTIPLE,MULTIPLE
2022-07-06,44.42,44.8,44.05,44.52,256460,ONEQ,ETF,Fidelity Nasdaq Composite Index ETF,MULTIPLE,MULTIPLE
2022-07-05,43.03,44.33,42.73,44.33,255807,ONEQ,ETF,Fidelity Nasdaq Composite Index ETF,MULTIPLE,MULTIPLE
2022-07-01,42.92,43.59,42.75,43.55,295816,ONEQ,ETF,Fidelity Nasdaq Composite Index ETF,MULTIPLE,MULTIPLE
2022-06-30,43.29,43.72,42.51,43.15,293338,ONEQ,ETF,Fidelity Nasdaq Composite Index ETF,MULTIPLE,MULTIPLE
2022-06-29,43.75,43.98,43.39,43.78,211319,ONEQ,ETF,Fidelity Nasdaq Composite Index ETF,MULTIPLE,MULTIPLE
2022-06-28,45.14,45.55,43.7681,43.79,242056,ONEQ,ETF,Fidelity Nasdaq Composite Index ETF,MULTIPLE,MULTIPLE
2022-06-27,45.67,45.7,44.9465,45.08,391462,ONEQ,ETF,Fidelity Nasdaq Composite Index ETF,MULTIPLE,MULTIPLE
2022-06-24,44.39,45.4238,44.33,45.39,322005,ONEQ,ETF,Fidelity Nasdaq Composite Index ETF,MULTIPLE,MULTIPLE
2022-06-23,43.63,44.02,43.18,43.9,426178,ONEQ,ETF,Fidelity Nasdaq Composite Index ETF,MULTIPLE,MULTIPLE
2022-06-22,42.87,43.8736,42.72,43.25,254808,ONEQ,ETF,Fidelity Nasdaq Composite Index ETF,MULTIPLE,MULTIPLE
2022-06-21,42.92,43.65,42.92,43.26,741274,ONEQ,ETF,Fidelity Nasdaq Composite Index ETF,MULTIPLE,MULTIPLE
2022-06-17,41.77,42.565,41.6022,42.21,461183,ONEQ,ETF,Fidelity Nasdaq Composite Index ETF,MULTIPLE,MULTIPLE
2022-06-16,42.47,42.5458,41.42,41.77,1065898,ONEQ,ETF,Fidelity Nasdaq Composite Index ETF,MULTIPLE,MULTIPLE
2022-06-15,42.85,44.04,42.64,43.45,435815,ONEQ,ETF,Fidelity Nasdaq Composite Index ETF,MULTIPLE,MULTIPLE
2022-06-14,42.64,42.83,42.0567,42.46,591305,ONEQ,ETF,Fidelity Nasdaq Composite Index ETF,MULTIPLE,MULTIPLE
2022-06-13,43.16,43.45,42.26,42.42,1068481,ONEQ,ETF,Fidelity Nasdaq Composite Index ETF,MULTIPLE,MULTIPLE
2022-06-10,45.32,45.54,44.4,44.48,609699,ONEQ,ETF,Fidelity Nasdaq Composite Index ETF,MULTIPLE,MULTIPLE
2022-06-09,47.03,47.44,46.06,46.08,202709,ONEQ,ETF,Fidelity Nasdaq Composite Index ETF,MULTIPLE,MULTIPLE
2022-06-08,47.52,47.92,47.2,47.31,177667,ONEQ,ETF,Fidelity Nasdaq Composite Index ETF,MULTIPLE,MULTIPLE
2022-06-07,46.67,47.75,46.53,47.68,220831,ONEQ,ETF,Fidelity Nasdaq Composite Index ETF,MULTIPLE,MULTIPLE
2022-06-06,47.63,47.9749,47.0093,47.2,244227,ONEQ,ETF,Fidelity Nasdaq Composite Index ETF,MULTIPLE,MULTIPLE
2022-06-03,47.42,47.68,46.85,47.05,377783,ONEQ,ETF,Fidelity Nasdaq Composite Index ETF,MULTIPLE,MULTIPLE
2022-06-02,46.81,48.19,46.57,48.17,243830,ONEQ,ETF,Fidelity Nasdaq Composite Index ETF,MULTIPLE,MULTIPLE
2022-06-01,47.67,47.8969,46.57,46.96,297182,ONEQ,ETF,Fidelity Nasdaq Composite Index ETF,MULTIPLE,MULTIPLE
2022-05-31,47.53,47.73,46.7455,47.26,838642,ONEQ,ETF,Fidelity Nasdaq Composite Index ETF,MULTIPLE,MULTIPLE
2022-05-27,46.44,47.45,46.3992,47.43,456214,ONEQ,ETF,Fidelity Nasdaq Composite Index ETF,MULTIPLE,MULTIPLE
2022-05-26,44.73,46.14,44.68,45.95,335280,ONEQ,ETF,Fidelity Nasdaq Composite Index ETF,MULTIPLE,MULTIPLE
2022-05-25,43.82,45.023,43.77,44.69,279070,ONEQ,ETF,Fidelity Nasdaq Composite Index ETF,MULTIPLE,MULTIPLE
2022-05-24,44.41,44.41,43.41,44.08,357250,ONEQ,ETF,Fidelity Nasdaq Composite Index ETF,MULTIPLE,MULTIPLE
2022-05-23,44.55,45.1717,44.21,45.15,291641,ONEQ,ETF,Fidelity Nasdaq Composite Index ETF,MULTIPLE,MULTIPLE
2022-05-20,45.09,45.1,43.1801,44.38,529025,ONEQ,ETF,Fidelity Nasdaq Composite Index ETF,MULTIPLE,MULTIPLE
2022-05-19,44.34,45.2567,44.25,44.52,617997,ONEQ,ETF,Fidelity Nasdaq Composite Index ETF,MULTIPLE,MULTIPLE
2022-05-18,46.16,46.28,44.5665,44.66,462468,ONEQ,ETF,Fidelity Nasdaq Composite Index ETF,MULTIPLE,MULTIPLE
2022-05-17,46.55,46.88,45.95,46.82,317477,ONEQ,ETF,Fidelity Nasdaq Composite Index ETF,MULTIPLE,MULTIPLE
2022-05-16,45.98,46.1645,45.4441,45.6,775803,ONEQ,ETF,Fidelity Nasdaq Composite Index ETF,MULTIPLE,MULTIPLE
2022-05-13,45.12,46.3468,44.9601,46.09,487227,ONEQ,ETF,Fidelity Nasdaq Composite Index ETF,MULTIPLE,MULTIPLE
2022-05-12,43.73,45.17,43.46,44.44,882590,ONEQ,ETF,Fidelity Nasdaq Composite Index ETF,MULTIPLE,MULTIPLE
2022-05-11,45.62,46.3631,44.33,44.42,816064,ONEQ,ETF,Fidelity Nasdaq Composite Index ETF,MULTIPLE,MULTIPLE
2022-05-10,46.411,46.705,45.18,45.9,962042,ONEQ,ETF,Fidelity Nasdaq Composite Index ETF,MULTIPLE,MULTIPLE
2022-05-09,46.68,46.9,45.25,45.5,1142967,ONEQ,ETF,Fidelity Nasdaq Composite Index ETF,MULTIPLE,MULTIPLE
2022-05-06,47.78,48.285,46.85,47.5,681985,ONEQ,ETF,Fidelity Nasdaq Composite Index ETF,MULTIPLE,MULTIPLE
2022-05-05,50.04,50.04,47.6201,48.16,729072,ONEQ,ETF,Fidelity Nasdaq Composite Index ETF,MULTIPLE,MULTIPLE
2022-05-04,49.03,50.715,48.33,50.64,373152,ONEQ,ETF,Fidelity Nasdaq Composite Index ETF,MULTIPLE,MULTIPLE
2022-05-03,48.89,49.42,48.61,49.03,533429,ONEQ,ETF,Fidelity Nasdaq Composite Index ETF,MULTIPLE,MULTIPLE
2022-05-02,48.07,48.97,47.62,48.89,950644,ONEQ,ETF,Fidelity Nasdaq Composite Index ETF,MULTIPLE,MULTIPLE
2022-04-29,49.75,50.26,48.1049,48.18,516408,ONEQ,ETF,Fidelity Nasdaq Composite Index ETF,MULTIPLE,MULTIPLE
2022-04-28,49.58,50.5409,48.75,50.23,384446,ONEQ,ETF,Fidelity Nasdaq Composite Index ETF,MULTIPLE,MULTIPLE
2022-04-27,48.94,49.5988,48.53,48.75,651322,ONEQ,ETF,Fidelity Nasdaq Composite Index ETF,MULTIPLE,MULTIPLE
2022-04-26,50.37,50.37,48.78,48.79,489744,ONEQ,ETF,Fidelity Nasdaq Composite Index ETF,MULTIPLE,MULTIPLE
2022-04-25,49.86,50.79,49.6601,50.76,491752,ONEQ,ETF,Fidelity Nasdaq Composite Index ETF,MULTIPLE,MULTIPLE
2022-04-22,51.47,51.58,50.1,50.14,491657,ONEQ,ETF,Fidelity Nasdaq Composite Index ETF,MULTIPLE,MULTIPLE
2022-04-21,53.13,53.54,51.3,51.44,491049,ONEQ,ETF,Fidelity Nasdaq Composite Index ETF,MULTIPLE,MULTIPLE
2022-04-20,53.48,53.48,52.415,52.54,249872,ONEQ,ETF,Fidelity Nasdaq Composite Index ETF,MULTIPLE,MULTIPLE
2022-04-19,51.91,53.2499,51.91,53.15,336544,ONEQ,ETF,Fidelity Nasdaq Composite Index ETF,MULTIPLE,MULTIPLE
2022-04-18,52.03,52.34,51.59,52.04,368190,ONEQ,ETF,Fidelity Nasdaq Composite Index ETF,MULTIPLE,MULTIPLE
2022-04-14,53.29,53.327,52.1023,52.17,357463,ONEQ,ETF,Fidelity Nasdaq Composite Index ETF,MULTIPLE,MULTIPLE
2022-04-13,52.15,53.39,52.15,53.22,341942,ONEQ,ETF,Fidelity Nasdaq Composite Index ETF,MULTIPLE,MULTIPLE
2022-04-12,52.98,53.44,51.97,52.19,296567,ONEQ,ETF,Fidelity Nasdaq Composite Index ETF,MULTIPLE,MULTIPLE
2022-04-11,53.0,53.08,52.32,52.36,450846,ONEQ,ETF,Fidelity Nasdaq Composite Index ETF,MULTIPLE,MULTIPLE
2022-04-08,54.15,54.16,53.47,53.62,253714,ONEQ,ETF,Fidelity Nasdaq Composite Index ETF,MULTIPLE,MULTIPLE
2022-04-07,54.01,54.57,53.44,54.28,303965,ONEQ,ETF,Fidelity Nasdaq Composite Index ETF,MULTIPLE,MULTIPLE
2022-04-06,54.61,54.79,53.83,54.28,591718,ONEQ,ETF,Fidelity Nasdaq Composite Index ETF,MULTIPLE,MULTIPLE
2022-04-05,56.62,56.67,55.35,55.51,410337,ONEQ,ETF,Fidelity Nasdaq Composite Index ETF,MULTIPLE,MULTIPLE
2022-04-04,55.87,56.7,55.71,56.67,241942,ONEQ,ETF,Fidelity Nasdaq Composite Index ETF,MULTIPLE,MULTIPLE
2022-04-01,55.82,55.84,55.16,55.67,231887,ONEQ,ETF,Fidelity Nasdaq Composite Index ETF,MULTIPLE,MULTIPLE
2022-03-31,56.48,56.48,55.51,55.56,304499,ONEQ,ETF,Fidelity Nasdaq Composite Index ETF,MULTIPLE,MULTIPLE
2022-03-30,56.74,57.04,56.1488,56.39,521907,ONEQ,ETF,Fidelity Nasdaq Composite Index ETF,MULTIPLE,MULTIPLE
2022-03-29,56.67,57.16,56.23,57.05,951783,ONEQ,ETF,Fidelity Nasdaq Composite Index ETF,MULTIPLE,MULTIPLE
2022-03-28,55.33,56.0,55.0201,55.99,428552,ONEQ,ETF,Fidelity Nasdaq Composite Index ETF,MULTIPLE,MULTIPLE
2022-03-25,55.47,55.485,54.6737,55.29,230930,ONEQ,ETF,Fidelity Nasdaq Composite Index ETF,MULTIPLE,MULTIPLE
2022-03-24,54.53,55.37,54.23,55.36,246240,ONEQ,ETF,Fidelity Nasdaq Composite Index ETF,MULTIPLE,MULTIPLE
2022-03-23,54.78,55.22,54.34,54.34,328143,ONEQ,ETF,Fidelity Nasdaq Composite Index ETF,MULTIPLE,MULTIPLE
2022-03-22,54.189,55.16,54.05,55.02,316908,ONEQ,ETF,Fidelity Nasdaq Composite Index ETF,MULTIPLE,MULTIPLE
2022-03-21,54.21,54.44,53.435,54.01,402215,ONEQ,ETF,Fidelity Nasdaq Composite Index ETF,MULTIPLE,MULTIPLE
2022-03-18,53.08,54.25,52.785,54.2,377160,ONEQ,ETF,Fidelity Nasdaq Composite Index ETF,MULTIPLE,MULTIPLE
2022-03-17,52.29,53.2,52.0001,53.16,446738,ONEQ,ETF,Fidelity Nasdaq Composite Index ETF,MULTIPLE,MULTIPLE
2022-03-16,51.32,52.5,50.765,52.48,457093,ONEQ,ETF,Fidelity Nasdaq Composite Index ETF,MULTIPLE,MULTIPLE
2022-03-15,49.44,50.67,49.25,50.51,381344,ONEQ,ETF,Fidelity Nasdaq Composite Index ETF,MULTIPLE,MULTIPLE
2022-03-14,50.05,50.46,49.05,49.11,395511,ONEQ,ETF,Fidelity Nasdaq Composite Index ETF,MULTIPLE,MULTIPLE
2022-03-11,51.58,51.72,50.13,50.21,201362,ONEQ,ETF,Fidelity Nasdaq Composite Index ETF,MULTIPLE,MULTIPLE
2022-03-10,51.03,51.39,50.55,51.27,230980,ONEQ,ETF,Fidelity Nasdaq Composite Index ETF,MULTIPLE,MULTIPLE
2022-03-09,51.33,51.9071,50.83,51.66,303083,ONEQ,ETF,Fidelity Nasdaq Composite Index ETF,MULTIPLE,MULTIPLE
2022-03-08,50.02,51.37,49.43,49.96,562935,ONEQ,ETF,Fidelity Nasdaq Composite Index ETF,MULTIPLE,MULTIPLE
2022-03-07,51.89,52.15,50.08,50.11,648398,ONEQ,ETF,Fidelity Nasdaq Composite Index ETF,MULTIPLE,MULTIPLE
2022-03-04,52.34,52.637,51.6178,51.96,346697,ONEQ,ETF,Fidelity Nasdaq Composite Index ETF,MULTIPLE,MULTIPLE
2022-03-03,54.13,54.13,52.59,52.8,257298,ONEQ,ETF,Fidelity Nasdaq Composite Index ETF,MULTIPLE,MULTIPLE
2022-03-02,53.23,53.85,52.65,53.64,317618,ONEQ,ETF,Fidelity Nasdaq Composite Index ETF,MULTIPLE,MULTIPLE
2022-03-01,53.43,53.7993,52.45,52.86,405662,ONEQ,ETF,Fidelity Nasdaq Composite Index ETF,MULTIPLE,MULTIPLE
2022-02-28,52.83,53.91,52.81,53.68,539458,ONEQ,ETF,Fidelity Nasdaq Composite Index ETF,MULTIPLE,MULTIPLE
2022-02-25,52.8,53.44,52.13,53.37,398627,ONEQ,ETF,Fidelity Nasdaq Composite Index ETF,MULTIPLE,MULTIPLE
2022-02-24,49.32,52.61,49.01,52.51,1201786,ONEQ,ETF,Fidelity Nasdaq Composite Index ETF,MULTIPLE,MULTIPLE
2022-02-23,52.6,52.81,50.86,50.86,592862,ONEQ,ETF,Fidelity Nasdaq Composite Index ETF,MULTIPLE,MULTIPLE
2022-02-22,52.36,53.13,51.72,52.19,639620,ONEQ,ETF,Fidelity Nasdaq Composite Index ETF,MULTIPLE,MULTIPLE
2022-02-18,53.67,53.68,52.54,52.91,331613,ONEQ,ETF,Fidelity Nasdaq Composite Index ETF,MULTIPLE,MULTIPLE
2022-02-17,54.53,54.7256,53.44,53.54,318038,ONEQ,ETF,Fidelity Nasdaq Composite Index ETF,MULTIPLE,MULTIPLE
2022-02-16,54.73,55.29,54.35,55.06,265956,ONEQ,ETF,Fidelity Nasdaq Composite Index ETF,MULTIPLE,MULTIPLE
2022-02-15,54.5977,55.141,54.5592,55.07,301666,ONEQ,ETF,Fidelity Nasdaq Composite Index ETF,MULTIPLE,MULTIPLE
2022-02-14,53.61,54.3,53.2988,53.77,340963,ONEQ,ETF,Fidelity Nasdaq Composite Index ETF,MULTIPLE,MULTIPLE
2022-02-11,55.34,55.62,53.5941,53.8,550327,ONEQ,ETF,Fidelity Nasdaq Composite Index ETF,MULTIPLE,MULTIPLE
2022-02-10,55.64,56.5787,55.05,55.39,294551,ONEQ,ETF,Fidelity Nasdaq Composite Index ETF,MULTIPLE,MULTIPLE
2022-02-09,56.08,56.4865,55.86,56.47,344013,ONEQ,ETF,Fidelity Nasdaq Composite Index ETF,MULTIPLE,MULTIPLE
2022-02-08,54.62,55.4668,54.36,55.36,232298,ONEQ,ETF,Fidelity Nasdaq Composite Index ETF,MULTIPLE,MULTIPLE
2022-02-07,55.17,55.52,54.5,54.64,355541,ONEQ,ETF,Fidelity Nasdaq Composite Index ETF,MULTIPLE,MULTIPLE
2022-02-04,54.29,55.46,54.0003,55.0,423960,ONEQ,ETF,Fidelity Nasdaq Composite Index ETF,MULTIPLE,MULTIPLE
2022-02-03,54.85,55.4342,54.05,54.23,532160,ONEQ,ETF,Fidelity Nasdaq Composite Index ETF,MULTIPLE,MULTIPLE
2022-02-02,56.62,56.62,55.64,56.21,622100,ONEQ,ETF,Fidelity Nasdaq Composite Index ETF,MULTIPLE,MULTIPLE
2022-02-01,55.688,55.97,54.836,55.91,669667,ONEQ,ETF,Fidelity Nasdaq Composite Index ETF,MULTIPLE,MULTIPLE
2022-01-31,53.8712,55.54,53.6804,55.54,601625,ONEQ,ETF,Fidelity Nasdaq Composite Index ETF,MULTIPLE,MULTIPLE
2022-01-28,52.25,53.65,51.6,53.6,349257,ONEQ,ETF,Fidelity Nasdaq Composite Index ETF,MULTIPLE,MULTIPLE
2022-01-27,53.48,53.668,51.91,52.06,487983,ONEQ,ETF,Fidelity Nasdaq Composite Index ETF,MULTIPLE,MULTIPLE
2022-01-26,54.17,54.5609,52.2,52.71,796000,ONEQ,ETF,Fidelity Nasdaq Composite Index ETF,MULTIPLE,MULTIPLE
2022-01-25,53.17,53.74,52.3,52.81,537233,ONEQ,ETF,Fidelity Nasdaq Composite Index ETF,MULTIPLE,MULTIPLE
2022-01-24,52.63,54.0589,51.0341,54.04,1643184,ONEQ,ETF,Fidelity Nasdaq Composite Index ETF,MULTIPLE,MULTIPLE
2022-01-21,54.96,55.25,53.68,53.72,1029453,ONEQ,ETF,Fidelity Nasdaq Composite Index ETF,MULTIPLE,MULTIPLE
2022-01-20,56.28,57.0795,55.11,55.24,429946,ONEQ,ETF,Fidelity Nasdaq Composite Index ETF,MULTIPLE,MULTIPLE
2022-01-19,56.9,57.16,55.85,55.94,429038,ONEQ,ETF,Fidelity Nasdaq Composite Index ETF,MULTIPLE,MULTIPLE
2022-01-18,57.08,57.4648,56.44,56.66,551620,ONEQ,ETF,Fidelity Nasdaq Composite Index ETF,MULTIPLE,MULTIPLE
2022-01-14,57.44,58.07,57.28,58.04,367035,ONEQ,ETF,Fidelity Nasdaq Composite Index ETF,MULTIPLE,MULTIPLE
2022-01-13,59.3,59.4991,57.64,57.76,302374,ONEQ,ETF,Fidelity Nasdaq Composite Index ETF,MULTIPLE,MULTIPLE
2022-01-12,59.5,59.7199,58.89,59.22,257321,ONEQ,ETF,Fidelity Nasdaq Composite Index ETF,MULTIPLE,MULTIPLE
2022-01-11,58.22,59.09,57.79,59.03,548863,ONEQ,ETF,Fidelity Nasdaq Composite Index ETF,MULTIPLE,MULTIPLE
2022-01-10,57.75,58.27,56.61,58.27,657280,ONEQ,ETF,Fidelity Nasdaq Composite Index ETF,MULTIPLE,MULTIPLE
2022-01-07,58.89,59.15,57.99,58.26,382408,ONEQ,ETF,Fidelity Nasdaq Composite Index ETF,MULTIPLE,MULTIPLE
2022-01-06,58.74,59.22,58.0911,58.77,380973,ONEQ,ETF,Fidelity Nasdaq Composite Index ETF,MULTIPLE,MULTIPLE
2022-01-05,60.76,60.76,58.85,58.93,655828,ONEQ,ETF,Fidelity Nasdaq Composite Index ETF,MULTIPLE,MULTIPLE
2022-01-04,61.85,61.85,60.45,60.88,397794,ONEQ,ETF,Fidelity Nasdaq Composite Index ETF,MULTIPLE,MULTIPLE
2022-01-03,61.34,61.67,60.885,61.67,371220,ONEQ,ETF,Fidelity Nasdaq Composite Index ETF,MULTIPLE,MULTIPLE
2021-12-31,61.18,61.4205,60.9,60.9,281379,ONEQ,ETF,Fidelity Nasdaq Composite Index ETF,MULTIPLE,MULTIPLE
2021-12-30,61.32,61.81,61.285,61.35,195835,ONEQ,ETF,Fidelity Nasdaq Composite Index ETF,MULTIPLE,MULTIPLE
2021-12-29,61.5,61.69,61.1,61.4,389465,ONEQ,ETF,Fidelity Nasdaq Composite Index ETF,MULTIPLE,MULTIPLE
2021-12-28,61.88,62.0,61.37,61.4973,246809,ONEQ,ETF,Fidelity Nasdaq Composite Index ETF,MULTIPLE,MULTIPLE
2021-12-27,61.2,61.83,61.17,61.83,280995,ONEQ,ETF,Fidelity Nasdaq Composite Index ETF,MULTIPLE,MULTIPLE
2021-12-23,60.61,61.1296,60.51,60.97,212003,ONEQ,ETF,Fidelity Nasdaq Composite Index ETF,MULTIPLE,MULTIPLE
2021-12-22,59.75,60.45,59.61,60.45,397636,ONEQ,ETF,Fidelity Nasdaq Composite Index ETF,MULTIPLE,MULTIPLE
2021-12-21,58.9,59.76,58.45,59.74,351801,ONEQ,ETF,Fidelity Nasdaq Composite Index ETF,MULTIPLE,MULTIPLE
2021-12-20,58.12,58.47,57.8086,58.4,439876,ONEQ,ETF,Fidelity Nasdaq Composite Index ETF,MULTIPLE,MULTIPLE
2021-12-17,58.68,59.5692,58.27,59.03,231820,ONEQ,ETF,Fidelity Nasdaq Composite Index ETF,MULTIPLE,MULTIPLE
2021-12-16,61.01,61.05,59.01,59.26,350573,ONEQ,ETF,Fidelity Nasdaq Composite Index ETF,MULTIPLE,MULTIPLE
2021-12-15,59.48,60.77,58.7501,60.69,329795,ONEQ,ETF,Fidelity Nasdaq Composite Index ETF,MULTIPLE,MULTIPLE
2021-12-14,59.37,59.79,58.885,59.47,412131,ONEQ,ETF,Fidelity Nasdaq Composite Index ETF,MULTIPLE,MULTIPLE
2021-12-13,61.01,61.01,60.1,60.1,199960,ONEQ,ETF,Fidelity Nasdaq Composite Index ETF,MULTIPLE,MULTIPLE
2021-12-10,60.96,61.1,60.3316,60.93,121062,ONEQ,ETF,Fidelity Nasdaq Composite Index ETF,MULTIPLE,MULTIPLE
2021-12-09,61.41,61.59,60.48,60.55,200043,ONEQ,ETF,Fidelity Nasdaq Composite Index ETF,MULTIPLE,MULTIPLE
2021-12-08,61.32,61.559,60.884,61.52,157967,ONEQ,ETF,Fidelity Nasdaq Composite Index ETF,MULTIPLE,MULTIPLE
2021-12-07,60.35,61.2549,60.35,61.1,378230,ONEQ,ETF,Fidelity Nasdaq Composite Index ETF,MULTIPLE,MULTIPLE
2021-12-06,58.79,59.5737,58.2,59.35,385083,ONEQ,ETF,Fidelity Nasdaq Composite Index ETF,MULTIPLE,MULTIPLE
2021-12-03,60.18,60.2906,58.1816,58.79,525794,ONEQ,ETF,Fidelity Nasdaq Composite Index ETF,MULTIPLE,MULTIPLE
2021-12-02,59.17,60.15,59.0,59.85,283448,ONEQ,ETF,Fidelity Nasdaq Composite Index ETF,MULTIPLE,MULTIPLE
2021-12-01,61.42,61.58,59.38,59.41,387391,ONEQ,ETF,Fidelity Nasdaq Composite Index ETF,MULTIPLE,MULTIPLE
2021-11-30,61.32,61.6238,60.15,60.59,306745,ONEQ,ETF,Fidelity Nasdaq Composite Index ETF,MULTIPLE,MULTIPLE
2021-11-29,61.19,61.66,60.9,61.43,389769,ONEQ,ETF,Fidelity Nasdaq Composite Index ETF,MULTIPLE,MULTIPLE
2021-11-26,60.86,61.2897,60.175,60.43,328695,ONEQ,ETF,Fidelity Nasdaq Composite Index ETF,MULTIPLE,MULTIPLE
2021-11-24,61.0959,61.74,60.8,61.74,160943,ONEQ,ETF,Fidelity Nasdaq Composite Index ETF,MULTIPLE,MULTIPLE
2021-11-23,61.64,61.92,60.7633,61.42,603390,ONEQ,ETF,Fidelity Nasdaq Composite Index ETF,MULTIPLE,MULTIPLE
2021-11-22,62.81,63.1122,61.75,61.77,300958,ONEQ,ETF,Fidelity Nasdaq Composite Index ETF,MULTIPLE,MULTIPLE
2021-11-19,62.5,62.77,62.37,62.46,171998,ONEQ,ETF,Fidelity Nasdaq Composite Index ETF,MULTIPLE,MULTIPLE
2021-11-18,62.22,62.35,61.6881,62.27,160637,ONEQ,ETF,Fidelity Nasdaq Composite Index ETF,MULTIPLE,MULTIPLE
2021-11-17,62.03,62.25,61.92,61.98,132827,ONEQ,ETF,Fidelity Nasdaq Composite Index ETF,MULTIPLE,MULTIPLE
2021-11-16,61.6,62.21,61.6,62.1,187110,ONEQ,ETF,Fidelity Nasdaq Composite Index ETF,MULTIPLE,MULTIPLE
2021-11-15,61.81,61.96,61.3784,61.72,211412,ONEQ,ETF,Fidelity Nasdaq Composite Index ETF,MULTIPLE,MULTIPLE
2021-11-12,61.31,61.74,61.0709,61.7,179774,ONEQ,ETF,Fidelity Nasdaq Composite Index ETF,MULTIPLE,MULTIPLE
2021-11-11,61.29,61.34,61.05,61.1,243233,ONEQ,ETF,Fidelity Nasdaq Composite Index ETF,MULTIPLE,MULTIPLE
2021-11-10,61.39,61.726,60.4601,60.79,276134,ONEQ,ETF,Fidelity Nasdaq Composite Index ETF,MULTIPLE,MULTIPLE
2021-11-09,62.35,62.35,61.6,61.84,249302,ONEQ,ETF,Fidelity Nasdaq Composite Index ETF,MULTIPLE,MULTIPLE
2021-11-08,62.2478,62.37,62.099,62.13,189369,ONEQ,ETF,Fidelity Nasdaq Composite Index ETF,MULTIPLE,MULTIPLE
2021-11-05,62.3,62.44,61.883,62.16,233346,ONEQ,ETF,Fidelity Nasdaq Composite Index ETF,MULTIPLE,MULTIPLE
2021-11-04,61.76,62.069,61.5301,61.97,295874,ONEQ,ETF,Fidelity Nasdaq Composite Index ETF,MULTIPLE,MULTIPLE
2021-11-03,60.94,61.5,60.71,61.48,203029,ONEQ,ETF,Fidelity Nasdaq Composite Index ETF,MULTIPLE,MULTIPLE
2021-11-02,60.59,60.8796,60.5,60.85,169181,ONEQ,ETF,Fidelity Nasdaq Composite Index ETF,MULTIPLE,MULTIPLE
2021-11-01,60.44,60.62,60.11,60.59,240215,ONEQ,ETF,Fidelity Nasdaq Composite Index ETF,MULTIPLE,MULTIPLE
2021-10-29,59.65,60.26,59.5004,60.26,195581,ONEQ,ETF,Fidelity Nasdaq Composite Index ETF,MULTIPLE,MULTIPLE
2021-10-28,59.52,60.01,59.39,59.95,215863,ONEQ,ETF,Fidelity Nasdaq Composite Index ETF,MULTIPLE,MULTIPLE
2021-10-27,59.3,59.6989,59.207,59.26,162233,ONEQ,ETF,Fidelity Nasdaq Composite Index ETF,MULTIPLE,MULTIPLE
2021-10-26,59.67,59.81,59.05,59.26,323455,ONEQ,ETF,Fidelity Nasdaq Composite Index ETF,MULTIPLE,MULTIPLE
2021-10-25,58.93,59.33,58.64,59.24,391727,ONEQ,ETF,Fidelity Nasdaq Composite Index ETF,MULTIPLE,MULTIPLE
2021-10-22,59.05,59.11,58.45,58.72,157318,ONEQ,ETF,Fidelity Nasdaq Composite Index ETF,MULTIPLE,MULTIPLE
2021-10-21,58.62,59.19,58.62,59.19,174098,ONEQ,ETF,Fidelity Nasdaq Composite Index ETF,MULTIPLE,MULTIPLE
2021-10-20,58.98,59.0265,58.63,58.78,189066,ONEQ,ETF,Fidelity Nasdaq Composite Index ETF,MULTIPLE,MULTIPLE
2021-10-19,58.66,58.879,58.5019,58.86,236587,ONEQ,ETF,Fidelity Nasdaq Composite Index ETF,MULTIPLE,MULTIPLE
2021-10-18,57.78,58.45,57.7003,58.4,251279,ONEQ,ETF,Fidelity Nasdaq Composite Index ETF,MULTIPLE,MULTIPLE
2021-10-15,57.75,57.97,57.73,57.93,213125,ONEQ,ETF,Fidelity Nasdaq Composite Index ETF,MULTIPLE,MULTIPLE
2021-10-14,57.06,57.64,57.06,57.57,262251,ONEQ,ETF,Fidelity Nasdaq Composite Index ETF,MULTIPLE,MULTIPLE
2021-10-13,56.49,56.68,56.2674,56.66,134558,ONEQ,ETF,Fidelity Nasdaq Composite Index ETF,MULTIPLE,MULTIPLE
2021-10-12,56.42,56.5448,56.14,56.28,144246,ONEQ,ETF,Fidelity Nasdaq Composite Index ETF,MULTIPLE,MULTIPLE
2021-10-11,56.49,57.02,56.32,56.33,149595,ONEQ,ETF,Fidelity Nasdaq Composite Index ETF,MULTIPLE,MULTIPLE
2021-10-08,57.18,57.2,56.6567,56.66,227022,ONEQ,ETF,Fidelity Nasdaq Composite Index ETF,MULTIPLE,MULTIPLE
2021-10-07,56.93,57.37,56.85,56.91,257742,ONEQ,ETF,Fidelity Nasdaq Composite Index ETF,MULTIPLE,MULTIPLE
2021-10-06,55.54,56.4,55.4147,56.4,190769,ONEQ,ETF,Fidelity Nasdaq Composite Index ETF,MULTIPLE,MULTIPLE
2021-10-05,55.52,56.4,55.52,56.1,176536,ONEQ,ETF,Fidelity Nasdaq Composite Index ETF,MULTIPLE,MULTIPLE
2021-10-04,56.44,56.44,55.1301,55.44,562859,ONEQ,ETF,Fidelity Nasdaq Composite Index ETF,MULTIPLE,MULTIPLE
2021-10-01,56.19,56.76,55.66,56.63,239716,ONEQ,ETF,Fidelity Nasdaq Composite Index ETF,MULTIPLE,MULTIPLE
2021-09-30,56.59,56.9124,56.14,56.18,392267,ONEQ,ETF,Fidelity Nasdaq Composite Index ETF,MULTIPLE,MULTIPLE
2021-09-29,56.89,57.09,56.35,56.43,239719,ONEQ,ETF,Fidelity Nasdaq Composite Index ETF,MULTIPLE,MULTIPLE
2021-09-28,57.65,57.65,56.5221,56.64,450687,ONEQ,ETF,Fidelity Nasdaq Composite Index ETF,MULTIPLE,MULTIPLE
2021-09-27,58.17,58.29,57.77,58.21,279269,ONEQ,ETF,Fidelity Nasdaq Composite Index ETF,MULTIPLE,MULTIPLE
2021-09-24,58.23,58.54,58.05,58.42,143732,ONEQ,ETF,Fidelity Nasdaq Composite Index ETF,MULTIPLE,MULTIPLE
2021-09-23,58.11,58.6236,58.06,58.5,183920,ONEQ,ETF,Fidelity Nasdaq Composite Index ETF,MULTIPLE,MULTIPLE
2021-09-22,57.5,58.11,57.34,57.9,301807,ONEQ,ETF,Fidelity Nasdaq Composite Index ETF,MULTIPLE,MULTIPLE
2021-09-21,57.57,57.71,57.11,57.32,277068,ONEQ,ETF,Fidelity Nasdaq Composite Index ETF,MULTIPLE,MULTIPLE
2021-09-20,57.3631,57.7032,56.43,57.23,749328,ONEQ,ETF,Fidelity Nasdaq Composite Index ETF,MULTIPLE,MULTIPLE
2021-09-17,59.05,59.05,58.25,58.51,174742,ONEQ,ETF,Fidelity Nasdaq Composite Index ETF,MULTIPLE,MULTIPLE
2021-09-16,58.89,59.149,58.53,59.05,112159,ONEQ,ETF,Fidelity Nasdaq Composite Index ETF,MULTIPLE,MULTIPLE
2021-09-15,58.49,59.005,58.25,58.98,173252,ONEQ,ETF,Fidelity Nasdaq Composite Index ETF,MULTIPLE,MULTIPLE
2021-09-14,58.99,59.0,58.365,58.54,179628,ONEQ,ETF,Fidelity Nasdaq Composite Index ETF,MULTIPLE,MULTIPLE
2021-09-13,59.0,59.155,58.43,58.78,245690,ONEQ,ETF,Fidelity Nasdaq Composite Index ETF,MULTIPLE,MULTIPLE
2021-09-10,59.62,59.6985,58.75,58.82,164883,ONEQ,ETF,Fidelity Nasdaq Composite Index ETF,MULTIPLE,MULTIPLE
2021-09-09,59.34,59.699,59.25,59.32,218625,ONEQ,ETF,Fidelity Nasdaq Composite Index ETF,MULTIPLE,MULTIPLE
2021-09-08,59.76,59.79,59.145,59.45,175062,ONEQ,ETF,Fidelity Nasdaq Composite Index ETF,MULTIPLE,MULTIPLE
2021-09-07,59.8,59.89,59.654,59.79,200289,ONEQ,ETF,Fidelity Nasdaq Composite Index ETF,MULTIPLE,MULTIPLE
2021-09-03,59.57,59.8,59.485,59.72,176862,ONEQ,ETF,Fidelity Nasdaq Composite Index ETF,MULTIPLE,MULTIPLE
2021-09-02,59.78,59.85,59.4372,59.56,204483,ONEQ,ETF,Fidelity Nasdaq Composite Index ETF,MULTIPLE,MULTIPLE
2021-09-01,59.55,59.7934,59.49,59.54,325267,ONEQ,ETF,Fidelity Nasdaq Composite Index ETF,MULTIPLE,MULTIPLE
2021-08-31,59.44,59.44,59.08,59.37,226352,ONEQ,ETF,Fidelity Nasdaq Composite Index ETF,MULTIPLE,MULTIPLE
2021-08-30,58.99,59.43,58.96,59.38,228107,ONEQ,ETF,Fidelity Nasdaq Composite Index ETF,MULTIPLE,MULTIPLE
2021-08-27,58.16,58.87,58.16,58.77,178392,ONEQ,ETF,Fidelity Nasdaq Composite Index ETF,MULTIPLE,MULTIPLE
2021-08-26,58.46,58.55,58.084,58.16,159780,ONEQ,ETF,Fidelity Nasdaq Composite Index ETF,MULTIPLE,MULTIPLE
2021-08-25,58.48,58.55,58.35,58.48,127517,ONEQ,ETF,Fidelity Nasdaq Composite Index ETF,MULTIPLE,MULTIPLE
2021-08-24,58.2,58.45,58.16,58.35,152426,ONEQ,ETF,Fidelity Nasdaq Composite Index ETF,MULTIPLE,MULTIPLE
2021-08-23,57.49,58.16,57.437,58.03,271847,ONEQ,ETF,Fidelity Nasdaq Composite Index ETF,MULTIPLE,MULTIPLE
2021-08-20,56.54,57.23,56.54,57.23,239576,ONEQ,ETF,Fidelity Nasdaq Composite Index ETF,MULTIPLE,MULTIPLE
2021-08-19,56.22,56.82,56.0,56.58,279583,ONEQ,ETF,Fidelity Nasdaq Composite Index ETF,MULTIPLE,MULTIPLE
2021-08-18,57.0,57.17,56.47,56.47,168427,ONEQ,ETF,Fidelity Nasdaq Composite Index ETF,MULTIPLE,MULTIPLE
2021-08-17,57.2,57.22,56.55,56.99,244894,ONEQ,ETF,Fidelity Nasdaq Composite Index ETF,MULTIPLE,MULTIPLE
2021-08-16,57.41,57.49,56.8,57.46,223246,ONEQ,ETF,Fidelity Nasdaq Composite Index ETF,MULTIPLE,MULTIPLE
2021-08-13,57.46,57.6999,57.46,57.56,117235,ONEQ,ETF,Fidelity Nasdaq Composite Index ETF,MULTIPLE,MULTIPLE
2021-08-12,57.35,57.6,57.1172,57.55,154156,ONEQ,ETF,Fidelity Nasdaq Composite Index ETF,MULTIPLE,MULTIPLE
2021-08-11,57.54,57.72,57.1,57.39,173768,ONEQ,ETF,Fidelity Nasdaq Composite Index ETF,MULTIPLE,MULTIPLE
2021-08-10,57.91,57.9259,57.323,57.44,144151,ONEQ,ETF,Fidelity Nasdaq Composite Index ETF,MULTIPLE,MULTIPLE
2021-08-09,57.76,57.88,57.52,57.78,171810,ONEQ,ETF,Fidelity Nasdaq Composite Index ETF,MULTIPLE,MULTIPLE
2021-08-06,57.8,57.8757,57.489,57.64,146627,ONEQ,ETF,Fidelity Nasdaq Composite Index ETF,MULTIPLE,MULTIPLE
2021-08-05,57.62,57.8875,57.5,57.8,156704,ONEQ,ETF,Fidelity Nasdaq Composite Index ETF,MULTIPLE,MULTIPLE
2021-08-04,57.32,57.585,57.2584,57.49,114343,ONEQ,ETF,Fidelity Nasdaq Composite Index ETF,MULTIPLE,MULTIPLE
2021-08-03,57.25,57.34,56.63,57.33,133593,ONEQ,ETF,Fidelity Nasdaq Composite Index ETF,MULTIPLE,MULTIPLE
2021-08-02,57.38,57.41,56.95,57.1,222662,ONEQ,ETF,Fidelity Nasdaq Composite Index ETF,MULTIPLE,MULTIPLE
2021-07-30,56.91,57.2514,56.79,57.09,138770,ONEQ,ETF,Fidelity Nasdaq Composite Index ETF,MULTIPLE,MULTIPLE
2021-07-29,57.25,57.69,57.25,57.47,149586,ONEQ,ETF,Fidelity Nasdaq Composite Index ETF,MULTIPLE,MULTIPLE
2021-07-28,57.05,57.52,57.0094,57.36,163330,ONEQ,ETF,Fidelity Nasdaq Composite Index ETF,MULTIPLE,MULTIPLE
2021-07-27,57.68,57.68,56.3506,56.92,271688,ONEQ,ETF,Fidelity Nasdaq Composite Index ETF,MULTIPLE,MULTIPLE
2021-07-26,57.63,57.7199,57.45,57.67,233151,ONEQ,ETF,Fidelity Nasdaq Composite Index ETF,MULTIPLE,MULTIPLE
2021-07-23,57.35,57.699,57.09,57.6,546190,ONEQ,ETF,Fidelity Nasdaq Composite Index ETF,MULTIPLE,MULTIPLE
2021-07-22,56.94,57.1,56.7501,57.02,144290,ONEQ,ETF,Fidelity Nasdaq Composite Index ETF,MULTIPLE,MULTIPLE
2021-07-21,56.22,56.81,56.17,56.75,413677,ONEQ,ETF,Fidelity Nasdaq Composite Index ETF,MULTIPLE,MULTIPLE
2021-07-20,55.74,56.6279,55.5,56.38,203657,ONEQ,ETF,Fidelity Nasdaq Composite Index ETF,MULTIPLE,MULTIPLE
2021-07-19,55.15,55.6,55.0601,55.43,431674,ONEQ,ETF,Fidelity Nasdaq Composite Index ETF,MULTIPLE,MULTIPLE
2021-07-16,56.68,56.83,55.9488,56.01,609021,ONEQ,ETF,Fidelity Nasdaq Composite Index ETF,MULTIPLE,MULTIPLE
2021-07-15,56.95,56.95,56.12,56.56,307866,ONEQ,ETF,Fidelity Nasdaq Composite Index ETF,MULTIPLE,MULTIPLE
2021-07-14,57.45,57.55,56.87,56.96,204365,ONEQ,ETF,Fidelity Nasdaq Composite Index ETF,MULTIPLE,MULTIPLE
2021-07-13,57.25,57.5589,56.99,57.06,268331,ONEQ,ETF,Fidelity Nasdaq Composite Index ETF,MULTIPLE,MULTIPLE
2021-07-12,57.18,57.3165,56.9907,57.26,152095,ONEQ,ETF,Fidelity Nasdaq Composite Index ETF,MULTIPLE,MULTIPLE
2021-07-09,56.58,57.15,56.55,57.09,126629,ONEQ,ETF,Fidelity Nasdaq Composite Index ETF,MULTIPLE,MULTIPLE
2021-07-08,56.27,56.77,55.88,56.55,279689,ONEQ,ETF,Fidelity Nasdaq Composite Index ETF,MULTIPLE,MULTIPLE
2021-07-07,57.34,57.35,56.7,57.01,218070,ONEQ,ETF,Fidelity Nasdaq Composite Index ETF,MULTIPLE,MULTIPLE
2021-07-06,57.04,57.11,56.5,57.0,307693,ONEQ,ETF,Fidelity Nasdaq Composite Index ETF,MULTIPLE,MULTIPLE
2021-07-02,56.76,56.9395,56.5012,56.88,185103,ONEQ,ETF,Fidelity Nasdaq Composite Index ETF,MULTIPLE,MULTIPLE
2021-07-01,56.44,56.48,56.11,56.35,195368,ONEQ,ETF,Fidelity Nasdaq Composite Index ETF,MULTIPLE,MULTIPLE
2021-06-30,56.49,56.55,56.25,56.35,174590,ONEQ,ETF,Fidelity Nasdaq Composite Index ETF,MULTIPLE,MULTIPLE
2021-06-29,56.38,56.49,56.24,56.47,192494,ONEQ,ETF,Fidelity Nasdaq Composite Index ETF,MULTIPLE,MULTIPLE
2021-06-28,56.0,56.4,56.0,56.32,447539,ONEQ,ETF,Fidelity Nasdaq Composite Index ETF,MULTIPLE,MULTIPLE
2021-06-25,55.97,55.98,55.7,55.88,170272,ONEQ,ETF,Fidelity Nasdaq Composite Index ETF,MULTIPLE,MULTIPLE
2021-06-24,55.83,55.99,55.6989,55.83,250649,ONEQ,ETF,Fidelity Nasdaq Composite Index ETF,MULTIPLE,MULTIPLE
2021-06-23,55.44,55.65,55.375,55.46,179097,ONEQ,ETF,Fidelity Nasdaq Composite Index ETF,MULTIPLE,MULTIPLE
2021-06-22,55.0,55.48,54.91,55.395,268652,ONEQ,ETF,Fidelity Nasdaq Composite Index ETF,MULTIPLE,MULTIPLE
2021-06-21,54.55,55.0,54.14,54.95,217680,ONEQ,ETF,Fidelity Nasdaq Composite Index ETF,MULTIPLE,MULTIPLE
2021-06-18,54.77,54.91,54.4012,54.53,212598,ONEQ,ETF,Fidelity Nasdaq Composite Index ETF,MULTIPLE,MULTIPLE
2021-06-17,54.49,55.19,54.4291,55.09,212754,ONEQ,ETF,Fidelity Nasdaq Composite Index ETF,MULTIPLE,MULTIPLE
2021-06-16,54.86,54.92,54.03,54.6,185013,ONEQ,ETF,Fidelity Nasdaq Composite Index ETF,MULTIPLE,MULTIPLE
2021-06-15,55.16,55.16,54.62,54.75,286942,ONEQ,ETF,Fidelity Nasdaq Composite Index ETF,MULTIPLE,MULTIPLE
2021-06-14,54.86,55.05,54.65,55.05,379329,ONEQ,ETF,Fidelity Nasdaq Composite Index ETF,MULTIPLE,MULTIPLE
2021-06-11,54.59,54.65,54.428,54.61,347239,ONEQ,ETF,Fidelity Nasdaq Composite Index ETF,MULTIPLE,MULTIPLE
2021-06-10,54.11,54.54,54.032,54.48,179776,ONEQ,ETF,Fidelity Nasdaq Composite Index ETF,MULTIPLE,MULTIPLE
2021-06-09,54.27,54.39,54.011,54.11,197652,ONEQ,ETF,Fidelity Nasdaq Composite Index ETF,MULTIPLE,MULTIPLE
2021-06-08,54.11,54.3199,53.75,54.16,205826,ONEQ,ETF,Fidelity Nasdaq Composite Index ETF,MULTIPLE,MULTIPLE
2021-06-07,53.69,53.99,53.5503,53.91,175070,ONEQ,ETF,Fidelity Nasdaq Composite Index ETF,MULTIPLE,MULTIPLE
2021-06-04,53.08,53.74,53.08,53.62,438004,ONEQ,ETF,Fidelity Nasdaq Composite Index ETF,MULTIPLE,MULTIPLE
2021-06-03,53.18,53.19,52.65,52.95,282306,ONEQ,ETF,Fidelity Nasdaq Composite Index ETF,MULTIPLE,MULTIPLE
2021-06-02,53.56,53.56,53.1752,53.41,132957,ONEQ,ETF,Fidelity Nasdaq Composite Index ETF,MULTIPLE,MULTIPLE
2021-06-01,53.8,53.8,53.15,53.42,274149,ONEQ,ETF,Fidelity Nasdaq Composite Index ETF,MULTIPLE,MULTIPLE
2021-05-28,53.45,53.74,53.41,53.5,134194,ONEQ,ETF,Fidelity Nasdaq Composite Index ETF,MULTIPLE,MULTIPLE
2021-05-27,53.49,53.57,53.3,53.44,116124,ONEQ,ETF,Fidelity Nasdaq Composite Index ETF,MULTIPLE,MULTIPLE
2021-05-26,53.23,53.4888,53.1595,53.37,179080,ONEQ,ETF,Fidelity Nasdaq Composite Index ETF,MULTIPLE,MULTIPLE
2021-05-25,53.42,53.49,52.97,53.0,230430,ONEQ,ETF,Fidelity Nasdaq Composite Index ETF,MULTIPLE,MULTIPLE
2021-05-24,52.78,53.3,52.55,53.12,467655,ONEQ,ETF,Fidelity Nasdaq Composite Index ETF,MULTIPLE,MULTIPLE
2021-05-21,52.88,52.918,52.305,52.32,148738,ONEQ,ETF,Fidelity Nasdaq Composite Index ETF,MULTIPLE,MULTIPLE
2021-05-20,51.88,52.7,51.72,52.6,221855,ONEQ,ETF,Fidelity Nasdaq Composite Index ETF,MULTIPLE,MULTIPLE
2021-05-19,50.8,51.67,50.66,51.6,186880,ONEQ,ETF,Fidelity Nasdaq Composite Index ETF,MULTIPLE,MULTIPLE
2021-05-18,52.13,52.4086,51.71,51.83,144394,ONEQ,ETF,Fidelity Nasdaq Composite Index ETF,MULTIPLE,MULTIPLE
2021-05-17,52.22,52.22,51.5,51.96,240948,ONEQ,ETF,Fidelity Nasdaq Composite Index ETF,MULTIPLE,MULTIPLE
2021-05-14,51.59,52.32,51.3419,52.22,249389,ONEQ,ETF,Fidelity Nasdaq Composite Index ETF,MULTIPLE,MULTIPLE
2021-05-13,51.07,51.47,50.5018,51.04,268212,ONEQ,ETF,Fidelity Nasdaq Composite Index ETF,MULTIPLE,MULTIPLE
2021-05-12,51.24,51.65,50.5,50.6,485117,ONEQ,ETF,Fidelity Nasdaq Composite Index ETF,MULTIPLE,MULTIPLE
2021-05-11,51.05,52.14,50.74,52.0,514795,ONEQ,ETF,Fidelity Nasdaq Composite Index ETF,MULTIPLE,MULTIPLE
2021-05-10,53.11,53.185,52.1057,52.14,479435,ONEQ,ETF,Fidelity Nasdaq Composite Index ETF,MULTIPLE,MULTIPLE
2021-05-07,53.27,53.7,53.18,53.37,196494,ONEQ,ETF,Fidelity Nasdaq Composite Index ETF,MULTIPLE,MULTIPLE
2021-05-06,52.61,52.93,52.11,52.87,200695,ONEQ,ETF,Fidelity Nasdaq Composite Index ETF,MULTIPLE,MULTIPLE
2021-05-05,53.12,53.4182,52.56,52.72,302718,ONEQ,ETF,Fidelity Nasdaq Composite Index ETF,MULTIPLE,MULTIPLE
2021-05-04,53.51,53.5678,52.35,52.98,601650,ONEQ,ETF,Fidelity Nasdaq Composite Index ETF,MULTIPLE,MULTIPLE
2021-05-03,54.61,54.61,53.98,53.99,336963,ONEQ,ETF,Fidelity Nasdaq Composite Index ETF,MULTIPLE,MULTIPLE
2021-04-30,54.3,54.78,54.15,54.35,200195,ONEQ,ETF,Fidelity Nasdaq Composite Index ETF,MULTIPLE,MULTIPLE
2021-04-29,55.21,55.31,54.18,54.75,263732,ONEQ,ETF,Fidelity Nasdaq Composite Index ETF,MULTIPLE,MULTIPLE
2021-04-28,54.63,54.9,54.51,54.61,228571,ONEQ,ETF,Fidelity Nasdaq Composite Index ETF,MULTIPLE,MULTIPLE
2021-04-27,55.0,55.13,54.6304,54.81,269978,ONEQ,ETF,Fidelity Nasdaq Composite Index ETF,MULTIPLE,MULTIPLE
2021-04-26,54.69,54.99,54.4289,54.88,232151,ONEQ,ETF,Fidelity Nasdaq Composite Index ETF,MULTIPLE,MULTIPLE
2021-04-23,53.9,54.635,53.8522,54.49,378457,ONEQ,ETF,Fidelity Nasdaq Composite Index ETF,MULTIPLE,MULTIPLE
2021-04-22,54.3,54.49,53.5,53.7,223135,ONEQ,ETF,Fidelity Nasdaq Composite Index ETF,MULTIPLE,MULTIPLE
2021-04-21,53.3657,54.23,53.26,54.2,220632,ONEQ,ETF,Fidelity Nasdaq Composite Index ETF,MULTIPLE,MULTIPLE
2021-04-20,54.06,54.24,53.28,53.66,310345,ONEQ,ETF,Fidelity Nasdaq Composite Index ETF,MULTIPLE,MULTIPLE
2021-04-19,54.49,54.63,53.83,54.16,366599,ONEQ,ETF,Fidelity Nasdaq Composite Index ETF,MULTIPLE,MULTIPLE
2021-04-16,54.76,54.76,54.22,54.63,253445,ONEQ,ETF,Fidelity Nasdaq Composite Index ETF,MULTIPLE,MULTIPLE
2021-04-15,54.39,54.6199,54.11,54.52,434976,ONEQ,ETF,Fidelity Nasdaq Composite Index ETF,MULTIPLE,MULTIPLE
2021-04-14,54.46,54.5776,53.79,53.81,344788,ONEQ,ETF,Fidelity Nasdaq Composite Index ETF,MULTIPLE,MULTIPLE
2021-04-13,53.89,54.45,53.86,54.37,344816,ONEQ,ETF,Fidelity Nasdaq Composite Index ETF,MULTIPLE,MULTIPLE
2021-04-12,53.89,53.9399,53.5,53.83,239818,ONEQ,ETF,Fidelity Nasdaq Composite Index ETF,MULTIPLE,MULTIPLE
2021-04-09,53.6,53.99,53.4121,53.97,266748,ONEQ,ETF,Fidelity Nasdaq Composite Index ETF,MULTIPLE,MULTIPLE
2021-04-08,53.65,53.75,53.3715,53.72,497972,ONEQ,ETF,Fidelity Nasdaq Composite Index ETF,MULTIPLE,MULTIPLE
2021-04-07,531.74,533.2286,530.0124,531.38,57028,ONEQ,ETF,Fidelity Nasdaq Composite Index ETF,MULTIPLE,MULTIPLE
2021-04-06,531.75,534.71,530.6951,531.15,37107,ONEQ,ETF,Fidelity Nasdaq Composite Index ETF,MULTIPLE,MULTIPLE
2021-04-05,527.94,532.3655,527.1091,532.01,53556,ONEQ,ETF,Fidelity Nasdaq Composite Index ETF,MULTIPLE,MULTIPLE
2021-04-01,519.99,523.3,519.75,522.89,30177,ONEQ,ETF,Fidelity Nasdaq Composite Index ETF,MULTIPLE,MULTIPLE
2021-03-31,509.99,515.84,508.6664,513.55,22766,ONEQ,ETF,Fidelity Nasdaq Composite Index ETF,MULTIPLE,MULTIPLE
2021-03-30,505.39,506.455,500.6239,505.65,18624,ONEQ,ETF,Fidelity Nasdaq Composite Index ETF,MULTIPLE,MULTIPLE
2021-03-29,509.87,509.87,503.0225,506.2,31629,ONEQ,ETF,Fidelity Nasdaq Composite Index ETF,MULTIPLE,MULTIPLE
2021-03-26,502.63,509.82,499.5201,509.82,19579,ONEQ,ETF,Fidelity Nasdaq Composite Index ETF,MULTIPLE,MULTIPLE
2021-03-25,500.28,503.65,495.394,502.87,33206,ONEQ,ETF,Fidelity Nasdaq Composite Index ETF,MULTIPLE,MULTIPLE
2021-03-24,516.22,516.22,502.17,503.29,28400,ONEQ,ETF,Fidelity Nasdaq Composite Index ETF,MULTIPLE,MULTIPLE
2021-03-23,519.82,520.0,511.18,512.33,18026,ONEQ,ETF,Fidelity Nasdaq Composite Index ETF,MULTIPLE,MULTIPLE
2021-03-22,515.99,521.5155,513.65,517.87,26474,ONEQ,ETF,Fidelity Nasdaq Composite Index ETF,MULTIPLE,MULTIPLE
2021-03-19,510.0,513.1886,505.36,510.93,24121,ONEQ,ETF,Fidelity Nasdaq Composite Index ETF,MULTIPLE,MULTIPLE
2021-03-18,519.04,519.4606,508.99,509.36,104331,ONEQ,ETF,Fidelity Nasdaq Composite Index ETF,MULTIPLE,MULTIPLE
2021-03-17,518.88,527.925,515.05,524.1,23953,ONEQ,ETF,Fidelity Nasdaq Composite Index ETF,MULTIPLE,MULTIPLE
2021-03-16,523.69,528.7943,519.39,523.03,57060,ONEQ,ETF,Fidelity Nasdaq Composite Index ETF,MULTIPLE,MULTIPLE
2021-03-15,517.0,521.41,515.2,521.21,45651,ONEQ,ETF,Fidelity Nasdaq Composite Index ETF,MULTIPLE,MULTIPLE
2021-03-12,514.59,517.33,510.26,516.23,36895,ONEQ,ETF,Fidelity Nasdaq Composite Index ETF,MULTIPLE,MULTIPLE
2021-03-11,516.44,521.8683,514.32,520.0801,62112,ONEQ,ETF,Fidelity Nasdaq Composite Index ETF,MULTIPLE,MULTIPLE
2021-03-10,514.57,515.83,506.51,507.43,41347,ONEQ,ETF,Fidelity Nasdaq Composite Index ETF,MULTIPLE,MULTIPLE
2021-03-09,501.92,510.73,499.6296,507.14,60839,ONEQ,ETF,Fidelity Nasdaq Composite Index ETF,MULTIPLE,MULTIPLE
2021-03-08,502.13,504.3096,488.52,489.68,71102,ONEQ,ETF,Fidelity Nasdaq Composite Index ETF,MULTIPLE,MULTIPLE
2021-03-05,497.13,502.4,481.071,501.4,67191,ONEQ,ETF,Fidelity Nasdaq Composite Index ETF,MULTIPLE,MULTIPLE
2021-03-04,502.63,507.6545,487.06,493.43,155890,ONEQ,ETF,Fidelity Nasdaq Composite Index ETF,MULTIPLE,MULTIPLE
2021-03-03,517.97,517.97,504.0,505.53,57835,ONEQ,ETF,Fidelity Nasdaq Composite Index ETF,MULTIPLE,MULTIPLE
2021-03-02,528.97,528.97,518.0,518.0,24873,ONEQ,ETF,Fidelity Nasdaq Composite Index ETF,MULTIPLE,MULTIPLE
2021-03-01,521.03,527.98,518.2969,527.32,119226,ONEQ,ETF,Fidelity Nasdaq Composite Index ETF,MULTIPLE,MULTIPLE
2021-02-26,514.57,518.42,505.0051,512.105,42246,ONEQ,ETF,Fidelity Nasdaq Composite Index ETF,MULTIPLE,MULTIPLE
2021-02-25,524.01,525.2,506.67,509.81,77313,ONEQ,ETF,Fidelity Nasdaq Composite Index ETF,MULTIPLE,MULTIPLE
2021-02-24,520.22,527.49,515.4324,527.15,32804,ONEQ,ETF,Fidelity Nasdaq Composite Index ETF,MULTIPLE,MULTIPLE
2021-02-23,515.0,524.9,504.725,521.59,80189,ONEQ,ETF,Fidelity Nasdaq Composite Index ETF,MULTIPLE,MULTIPLE
2021-02-22,532.94,533.5078,525.07,525.2,69703,ONEQ,ETF,Fidelity Nasdaq Composite Index ETF,MULTIPLE,MULTIPLE
2021-02-19,541.24,542.34,536.3761,537.92,25419,ONEQ,ETF,Fidelity Nasdaq Composite Index ETF,MULTIPLE,MULTIPLE
2021-02-18,536.15,538.826,531.2367,536.35,25038,ONEQ,ETF,Fidelity Nasdaq Composite Index ETF,MULTIPLE,MULTIPLE
2021-02-17,540.7,542.33,535.01,541.17,40115,ONEQ,ETF,Fidelity Nasdaq Composite Index ETF,MULTIPLE,MULTIPLE
2021-02-16,548.88,548.9999,542.51,544.81,33081,ONEQ,ETF,Fidelity Nasdaq Composite Index ETF,MULTIPLE,MULTIPLE
2021-02-12,542.65,546.42,541.48,545.82,24925,ONEQ,ETF,Fidelity Nasdaq Composite Index ETF,MULTIPLE,MULTIPLE
2021-02-11,544.61,545.0,539.672,543.58,31408,ONEQ,ETF,Fidelity Nasdaq Composite Index ETF,MULTIPLE,MULTIPLE
2021-02-10,546.22,546.382,536.6904,541.18,48898,ONEQ,ETF,Fidelity Nasdaq Composite Index ETF,MULTIPLE,MULTIPLE
2021-02-09,541.73,544.85,540.8093,543.54,28785,ONEQ,ETF,Fidelity Nasdaq Composite Index ETF,MULTIPLE,MULTIPLE
2021-02-08,540.74,542.569,539.14,542.54,50945,ONEQ,ETF,Fidelity Nasdaq Composite Index ETF,MULTIPLE,MULTIPLE
2021-02-05,538.13,538.58,534.95,537.93,42972,ONEQ,ETF,Fidelity Nasdaq Composite Index ETF,MULTIPLE,MULTIPLE
2021-02-04,531.82,533.85,528.53,533.85,26693,ONEQ,ETF,Fidelity Nasdaq Composite Index ETF,MULTIPLE,MULTIPLE
2021-02-03,532.91,532.91,527.04,528.0,38447,ONEQ,ETF,Fidelity Nasdaq Composite Index ETF,MULTIPLE,MULTIPLE
2021-02-02,525.14,529.57,525.14,528.52,40279,ONEQ,ETF,Fidelity Nasdaq Composite Index ETF,MULTIPLE,MULTIPLE
2021-02-01,511.1,520.966,510.01,519.53,35321,ONEQ,ETF,Fidelity Nasdaq Composite Index ETF,MULTIPLE,MULTIPLE
2021-01-29,513.21,516.5636,503.655,506.0,79730,ONEQ,ETF,Fidelity Nasdaq Composite Index ETF,MULTIPLE,MULTIPLE
2021-01-28,515.55,524.4088,515.55,516.59,48463,ONEQ,ETF,Fidelity Nasdaq Composite Index ETF,MULTIPLE,MULTIPLE
2021-01-27,524.0,525.0,513.0,515.68,112864,ONEQ,ETF,Fidelity Nasdaq Composite Index ETF,MULTIPLE,MULTIPLE
2021-01-26,529.55,531.08,528.405,528.82,88279,ONEQ,ETF,Fidelity Nasdaq Composite Index ETF,MULTIPLE,MULTIPLE
2021-01-25,531.22,533.83,518.682,529.79,65549,ONEQ,ETF,Fidelity Nasdaq Composite Index ETF,MULTIPLE,MULTIPLE
2021-01-22,524.33,526.99,523.33,526.5,24513,ONEQ,ETF,Fidelity Nasdaq Composite Index ETF,MULTIPLE,MULTIPLE
2021-01-21,525.01,526.72,520.122,525.0,39702,ONEQ,ETF,Fidelity Nasdaq Composite Index ETF,MULTIPLE,MULTIPLE
2021-01-20,518.02,523.99,518.02,522.29,36175,ONEQ,ETF,Fidelity Nasdaq Composite Index ETF,MULTIPLE,MULTIPLE
2021-01-19,509.35,513.1387,506.9918,512.88,38542,ONEQ,ETF,Fidelity Nasdaq Composite Index ETF,MULTIPLE,MULTIPLE
2021-01-15,510.29,511.69,502.9934,504.8,26994,ONEQ,ETF,Fidelity Nasdaq Composite Index ETF,MULTIPLE,MULTIPLE
2021-01-14,511.53,513.299,509.315,510.12,23928,ONEQ,ETF,Fidelity Nasdaq Composite Index ETF,MULTIPLE,MULTIPLE
2021-01-13,507.99,511.5,507.78,510.55,25139,ONEQ,ETF,Fidelity Nasdaq Composite Index ETF,MULTIPLE,MULTIPLE
2021-01-12,506.27,508.5846,503.34,507.99,29435,ONEQ,ETF,Fidelity Nasdaq Composite Index ETF,MULTIPLE,MULTIPLE
2021-01-11,508.44,510.89,505.5326,506.0,32538,ONEQ,ETF,Fidelity Nasdaq Composite Index ETF,MULTIPLE,MULTIPLE
2021-01-08,511.64,512.6696,506.6125,512.2,39421,ONEQ,ETF,Fidelity Nasdaq Composite Index ETF,MULTIPLE,MULTIPLE
2021-01-07,500.0,508.22,496.25,506.93,45450,ONEQ,ETF,Fidelity Nasdaq Composite Index ETF,MULTIPLE,MULTIPLE
2021-01-06,489.31,500.8594,489.16,494.72,58017,ONEQ,ETF,Fidelity Nasdaq Composite Index ETF,MULTIPLE,MULTIPLE
2021-01-05,491.16,498.6082,491.16,498.08,33901,ONEQ,ETF,Fidelity Nasdaq Composite Index ETF,MULTIPLE,MULTIPLE
2021-01-04,503.83,503.9499,487.06,494.0,132315,ONEQ,ETF,Fidelity Nasdaq Composite Index ETF,MULTIPLE,MULTIPLE
2020-12-31,500.0,501.65,498.5049,501.65,24848,ONEQ,ETF,Fidelity Nasdaq Composite Index ETF,MULTIPLE,MULTIPLE
2020-12-30,500.69,501.85,500.0001,500.8244,25451,ONEQ,ETF,Fidelity Nasdaq Composite Index ETF,MULTIPLE,MULTIPLE
2020-12-29,504.34,504.34,499.01,499.01,28894,ONEQ,ETF,Fidelity Nasdaq Composite Index ETF,MULTIPLE,MULTIPLE
2020-12-28,501.5,502.99,499.2873,501.93,33180,ONEQ,ETF,Fidelity Nasdaq Composite Index ETF,MULTIPLE,MULTIPLE
2020-12-24,496.32,499.085,495.38,498.08,19269,ONEQ,ETF,Fidelity Nasdaq Composite Index ETF,MULTIPLE,MULTIPLE
2020-12-23,499.24,499.33,495.89,497.05,22892,ONEQ,ETF,Fidelity Nasdaq Composite Index ETF,MULTIPLE,MULTIPLE
2020-12-22,496.76,499.68,493.0,498.39,29829,ONEQ,ETF,Fidelity Nasdaq Composite Index ETF,MULTIPLE,MULTIPLE
2020-12-21,490.01,495.9,486.5501,495.0,38268,ONEQ,ETF,Fidelity Nasdaq Composite Index ETF,MULTIPLE,MULTIPLE
2020-12-18,497.7,498.47,492.19,494.82,25377,ONEQ,ETF,Fidelity Nasdaq Composite Index ETF,MULTIPLE,MULTIPLE
2020-12-17,494.6,497.3265,494.6,495.95,23210,ONEQ,ETF,Fidelity Nasdaq Composite Index ETF,MULTIPLE,MULTIPLE
2020-12-16,491.92,494.0999,489.48,493.41,34498,ONEQ,ETF,Fidelity Nasdaq Composite Index ETF,MULTIPLE,MULTIPLE
2020-12-15,488.86,490.0,486.3862,490.0,22793,ONEQ,ETF,Fidelity Nasdaq Composite Index ETF,MULTIPLE,MULTIPLE
2020-12-14,482.98,488.8799,482.98,484.22,97403,ONEQ,ETF,Fidelity Nasdaq Composite Index ETF,MULTIPLE,MULTIPLE
2020-12-11,481.52,482.5455,476.9,481.88,18444,ONEQ,ETF,Fidelity Nasdaq Composite Index ETF,MULTIPLE,MULTIPLE
2020-12-10,477.65,484.635,476.6558,483.99,24304,ONEQ,ETF,Fidelity Nasdaq Composite Index ETF,MULTIPLE,MULTIPLE
2020-12-09,490.77,490.9,478.815,480.54,51005,ONEQ,ETF,Fidelity Nasdaq Composite Index ETF,MULTIPLE,MULTIPLE
2020-12-08,486.57,490.35,485.22,490.35,21854,ONEQ,ETF,Fidelity Nasdaq Composite Index ETF,MULTIPLE,MULTIPLE
2020-12-07,486.43,488.0,485.15,486.46,46298,ONEQ,ETF,Fidelity Nasdaq Composite Index ETF,MULTIPLE,MULTIPLE
2020-12-04,483.23,485.0,482.69,484.725,27064,ONEQ,ETF,Fidelity Nasdaq Composite Index ETF,MULTIPLE,MULTIPLE
2020-12-03,481.69,484.6182,481.19,481.19,20283,ONEQ,ETF,Fidelity Nasdaq Composite Index ETF,MULTIPLE,MULTIPLE
2020-12-02,480.06,481.03,475.056,481.03,32236,ONEQ,ETF,Fidelity Nasdaq Composite Index ETF,MULTIPLE,MULTIPLE
2020-12-01,478.96,482.83,477.47,481.345,30452,ONEQ,ETF,Fidelity Nasdaq Composite Index ETF,MULTIPLE,MULTIPLE
2020-11-30,476.26,476.99,468.0016,473.96,30055,ONEQ,ETF,Fidelity Nasdaq Composite Index ETF,MULTIPLE,MULTIPLE
2020-11-27,473.82,476.4787,472.71,474.94,19533,ONEQ,ETF,Fidelity Nasdaq Composite Index ETF,MULTIPLE,MULTIPLE
2020-11-25,470.9609,471.458,468.09,470.76,25227,ONEQ,ETF,Fidelity Nasdaq Composite Index ETF,MULTIPLE,MULTIPLE
2020-11-24,465.6,468.98,462.2082,467.4,27395,ONEQ,ETF,Fidelity Nasdaq Composite Index ETF,MULTIPLE,MULTIPLE
2020-11-23,462.67,464.83,459.7507,461.91,61440,ONEQ,ETF,Fidelity Nasdaq Composite Index ETF,MULTIPLE,MULTIPLE
2020-11-20,464.21,464.61,462.305,462.305,14177,ONEQ,ETF,Fidelity Nasdaq Composite Index ETF,MULTIPLE,MULTIPLE
2020-11-19,458.41,464.47,458.0,463.04,47438,ONEQ,ETF,Fidelity Nasdaq Composite Index ETF,MULTIPLE,MULTIPLE
2020-11-18,462.19,465.49,460.0,460.0,23140,ONEQ,ETF,Fidelity Nasdaq Composite Index ETF,MULTIPLE,MULTIPLE
2020-11-17,463.21,465.505,461.9203,463.74,21489,ONEQ,ETF,Fidelity Nasdaq Composite Index ETF,MULTIPLE,MULTIPLE
2020-11-16,462.03,464.5,456.27,464.28,36643,ONEQ,ETF,Fidelity Nasdaq Composite Index ETF,MULTIPLE,MULTIPLE
2020-11-13,458.99,461.7599,456.2,459.73,26064,ONEQ,ETF,Fidelity Nasdaq Composite Index ETF,MULTIPLE,MULTIPLE
2020-11-12,460.58,462.11,454.6401,456.208,29170,ONEQ,ETF,Fidelity Nasdaq Composite Index ETF,MULTIPLE,MULTIPLE
2020-11-11,453.87,459.63,453.11,458.12,31327,ONEQ,ETF,Fidelity Nasdaq Composite Index ETF,MULTIPLE,MULTIPLE
2020-11-10,453.13,453.99,445.586,449.22,37453,ONEQ,ETF,Fidelity Nasdaq Composite Index ETF,MULTIPLE,MULTIPLE
2020-11-09,484.05,484.05,455.92,456.89,125614,ONEQ,ETF,Fidelity Nasdaq Composite Index ETF,MULTIPLE,MULTIPLE
2020-11-06,461.41,464.41,457.2203,464.13,55075,ONEQ,ETF,Fidelity Nasdaq Composite Index ETF,MULTIPLE,MULTIPLE
2020-11-05,462.53,464.33,459.86,462.919,64229,ONEQ,ETF,Fidelity Nasdaq Composite Index ETF,MULTIPLE,MULTIPLE
2020-11-04,446.12,453.865,442.15,451.65,55733,ONEQ,ETF,Fidelity Nasdaq Composite Index ETF,MULTIPLE,MULTIPLE
2020-11-03,428.17,436.0,428.17,435.25,36909,ONEQ,ETF,Fidelity Nasdaq Composite Index ETF,MULTIPLE,MULTIPLE
2020-11-02,428.41,430.0,421.11,424.73,41867,ONEQ,ETF,Fidelity Nasdaq Composite Index ETF,MULTIPLE,MULTIPLE
2020-10-30,431.37,431.37,421.0847,424.095,66546,ONEQ,ETF,Fidelity Nasdaq Composite Index ETF,MULTIPLE,MULTIPLE
2020-10-29,429.62,438.8874,429.115,434.41,43054,ONEQ,ETF,Fidelity Nasdaq Composite Index ETF,MULTIPLE,MULTIPLE
2020-10-28,436.33,437.0362,428.1,428.1,71238,ONEQ,ETF,Fidelity Nasdaq Composite Index ETF,MULTIPLE,MULTIPLE
2020-10-27,442.75,445.2682,442.49,444.01,16978,ONEQ,ETF,Fidelity Nasdaq Composite Index ETF,MULTIPLE,MULTIPLE
2020-10-26,445.39,448.51,436.5089,441.48,45742,ONEQ,ETF,Fidelity Nasdaq Composite Index ETF,MULTIPLE,MULTIPLE
2020-10-23,449.67,449.69,444.5091,448.69,19225,ONEQ,ETF,Fidelity Nasdaq Composite Index ETF,MULTIPLE,MULTIPLE
2020-10-22,446.9,448.88,441.19,447.92,20835,ONEQ,ETF,Fidelity Nasdaq Composite Index ETF,MULTIPLE,MULTIPLE
2020-10-21,447.54,451.31,446.23,446.23,15107,ONEQ,ETF,Fidelity Nasdaq Composite Index ETF,MULTIPLE,MULTIPLE
2020-10-20,447.42,452.039,447.18,447.44,18827,ONEQ,ETF,Fidelity Nasdaq Composite Index ETF,MULTIPLE,MULTIPLE
2020-10-19,457.24,458.183,445.122,445.49,45147,ONEQ,ETF,Fidelity Nasdaq Composite Index ETF,MULTIPLE,MULTIPLE
2020-10-16,459.05,459.9999,453.24,453.24,22582,ONEQ,ETF,Fidelity Nasdaq Composite Index ETF,MULTIPLE,MULTIPLE
2020-10-15,449.58,455.8408,448.63,454.77,32108,ONEQ,ETF,Fidelity Nasdaq Composite Index ETF,MULTIPLE,MULTIPLE
2020-10-14,463.61,464.26,455.86,456.96,26506,ONEQ,ETF,Fidelity Nasdaq Composite Index ETF,MULTIPLE,MULTIPLE
2020-10-13,464.42,464.53,460.4722,461.98,21917,ONEQ,ETF,Fidelity Nasdaq Composite Index ETF,MULTIPLE,MULTIPLE
2020-10-12,456.69,465.4995,455.08,461.48,46977,ONEQ,ETF,Fidelity Nasdaq Composite Index ETF,MULTIPLE,MULTIPLE
2020-10-09,446.99,449.99,446.0,449.84,22283,ONEQ,ETF,Fidelity Nasdaq Composite Index ETF,MULTIPLE,MULTIPLE
2020-10-08,445.76,445.76,442.45,443.885,22052,ONEQ,ETF,Fidelity Nasdaq Composite Index ETF,MULTIPLE,MULTIPLE
2020-10-07,436.64,442.45,436.64,442.45,23934,ONEQ,ETF,Fidelity Nasdaq Composite Index ETF,MULTIPLE,MULTIPLE
2020-10-06,439.97,443.1198,433.1078,434.2459,28230,ONEQ,ETF,Fidelity Nasdaq Composite Index ETF,MULTIPLE,MULTIPLE
2020-10-05,434.005,440.95,433.15,439.81,27935,ONEQ,ETF,Fidelity Nasdaq Composite Index ETF,MULTIPLE,MULTIPLE
2020-10-02,430.0,437.2045,428.3801,430.28,59581,ONEQ,ETF,Fidelity Nasdaq Composite Index ETF,MULTIPLE,MULTIPLE
2020-10-01,439.0,440.745,437.01,439.5,38731,ONEQ,ETF,Fidelity Nasdaq Composite Index ETF,MULTIPLE,MULTIPLE
2020-09-30,432.17,438.86,432.17,434.0,26620,ONEQ,ETF,Fidelity Nasdaq Composite Index ETF,MULTIPLE,MULTIPLE
2020-09-29,432.65,433.5,430.5548,430.81,14509,ONEQ,ETF,Fidelity Nasdaq Composite Index ETF,MULTIPLE,MULTIPLE
2020-09-28,431.51,432.889,428.5289,432.88,46179,ONEQ,ETF,Fidelity Nasdaq Composite Index ETF,MULTIPLE,MULTIPLE
2020-09-25,414.57,425.0,414.01,424.62,22557,ONEQ,ETF,Fidelity Nasdaq Composite Index ETF,MULTIPLE,MULTIPLE
2020-09-24,408.94,419.76,408.26,415.43,30823,ONEQ,ETF,Fidelity Nasdaq Composite Index ETF,MULTIPLE,MULTIPLE
2020-09-23,426.4,426.4,412.5,413.0,27315,ONEQ,ETF,Fidelity Nasdaq Composite Index ETF,MULTIPLE,MULTIPLE
2020-09-22,421.67,426.4,416.66,426.4,32490,ONEQ,ETF,Fidelity Nasdaq Composite Index ETF,MULTIPLE,MULTIPLE
2020-09-21,411.36,418.0,408.06,417.88,108984,ONEQ,ETF,Fidelity Nasdaq Composite Index ETF,MULTIPLE,MULTIPLE
2020-09-18,426.0,426.3459,412.63,418.6188,38804,ONEQ,ETF,Fidelity Nasdaq Composite Index ETF,MULTIPLE,MULTIPLE
2020-09-17,420.23,426.1508,419.65,425.14,39445,ONEQ,ETF,Fidelity Nasdaq Composite Index ETF,MULTIPLE,MULTIPLE
2020-09-16,438.13,438.9896,430.09,430.99,32308,ONEQ,ETF,Fidelity Nasdaq Composite Index ETF,MULTIPLE,MULTIPLE
2020-09-15,436.69,438.24,433.955,436.32,36780,ONEQ,ETF,Fidelity Nasdaq Composite Index ETF,MULTIPLE,MULTIPLE
2020-09-14,429.19,432.9799,427.33,430.08,60756,ONEQ,ETF,Fidelity Nasdaq Composite Index ETF,MULTIPLE,MULTIPLE
2020-09-11,427.48,429.9899,417.06,422.13,48132,ONEQ,ETF,Fidelity Nasdaq Composite Index ETF,MULTIPLE,MULTIPLE
2020-09-10,438.77,440.79,423.42,426.37,55971,ONEQ,ETF,Fidelity Nasdaq Composite Index ETF,MULTIPLE,MULTIPLE
2020-09-09,430.58,437.2908,426.9883,434.35,81893,ONEQ,ETF,Fidelity Nasdaq Composite Index ETF,MULTIPLE,MULTIPLE
2020-09-08,427.27,435.0,422.49,423.16,106063,ONEQ,ETF,Fidelity Nasdaq Composite Index ETF,MULTIPLE,MULTIPLE
2020-09-04,443.96,448.745,421.4,441.25,228973,ONEQ,ETF,Fidelity Nasdaq Composite Index ETF,MULTIPLE,MULTIPLE
2020-09-03,463.7824,465.55,442.84,446.33,187715,ONEQ,ETF,Fidelity Nasdaq Composite Index ETF,MULTIPLE,MULTIPLE
2020-09-02,472.25,472.25,462.19,470.14,43099,ONEQ,ETF,Fidelity Nasdaq Composite Index ETF,MULTIPLE,MULTIPLE
2020-09-01,462.33,466.74,461.765,466.545,41874,ONEQ,ETF,Fidelity Nasdaq Composite Index ETF,MULTIPLE,MULTIPLE
2020-08-31,458.83,462.2,457.01,459.77,59885,ONEQ,ETF,Fidelity Nasdaq Composite Index ETF,MULTIPLE,MULTIPLE
2020-08-28,454.17,456.98,454.17,456.89,62594,ONEQ,ETF,Fidelity Nasdaq Composite Index ETF,MULTIPLE,MULTIPLE
2020-08-27,456.78,457.87,450.97,453.92,36855,ONEQ,ETF,Fidelity Nasdaq Composite Index ETF,MULTIPLE,MULTIPLE
2020-08-26,449.99,456.54,449.0982,455.0,50405,ONEQ,ETF,Fidelity Nasdaq Composite Index ETF,MULTIPLE,MULTIPLE
2020-08-25,446.14,447.98,442.32,447.97,33676,ONEQ,ETF,Fidelity Nasdaq Composite Index ETF,MULTIPLE,MULTIPLE
2020-08-24,448.66,448.66,440.94,445.02,37078,ONEQ,ETF,Fidelity Nasdaq Composite Index ETF,MULTIPLE,MULTIPLE
2020-08-21,439.95,445.0,439.6,442.41,62282,ONEQ,ETF,Fidelity Nasdaq Composite Index ETF,MULTIPLE,MULTIPLE
2020-08-20,432.39,439.88,432.39,439.88,19769,ONEQ,ETF,Fidelity Nasdaq Composite Index ETF,MULTIPLE,MULTIPLE
2020-08-19,437.18,439.8879,434.32,434.32,62543,ONEQ,ETF,Fidelity Nasdaq Composite Index ETF,MULTIPLE,MULTIPLE
2020-08-18,434.06,438.49,434.05,436.7,65790,ONEQ,ETF,Fidelity Nasdaq Composite Index ETF,MULTIPLE,MULTIPLE
2020-08-17,430.7,435.0251,430.7,434.05,38831,ONEQ,ETF,Fidelity Nasdaq Composite Index ETF,MULTIPLE,MULTIPLE
2020-08-14,432.22,432.5,428.44,429.8,29447,ONEQ,ETF,Fidelity Nasdaq Composite Index ETF,MULTIPLE,MULTIPLE
2020-08-13,430.53,433.6288,429.995,432.55,38089,ONEQ,ETF,Fidelity Nasdaq Composite Index ETF,MULTIPLE,MULTIPLE
2020-08-12,426.36,430.0,426.26,427.99,32590,ONEQ,ETF,Fidelity Nasdaq Composite Index ETF,MULTIPLE,MULTIPLE
2020-08-11,428.67,428.67,420.0,420.9883,58298,ONEQ,ETF,Fidelity Nasdaq Composite Index ETF,MULTIPLE,MULTIPLE
2020-08-10,429.3,429.5819,423.05,427.86,30567,ONEQ,ETF,Fidelity Nasdaq Composite Index ETF,MULTIPLE,MULTIPLE
2020-08-07,431.63,432.7798,426.05,428.87,39678,ONEQ,ETF,Fidelity Nasdaq Composite Index ETF,MULTIPLE,MULTIPLE
2020-08-06,427.24,433.0,426.99,431.54,36024,ONEQ,ETF,Fidelity Nasdaq Composite Index ETF,MULTIPLE,MULTIPLE
2020-08-05,426.36,428.42,426.2566,428.42,34050,ONEQ,ETF,Fidelity Nasdaq Composite Index ETF,MULTIPLE,MULTIPLE
2020-08-04,424.18,425.99,422.91,424.93,26803,ONEQ,ETF,Fidelity Nasdaq Composite Index ETF,MULTIPLE,MULTIPLE
2020-08-03,420.94,425.0,420.94,424.76,42002,ONEQ,ETF,Fidelity Nasdaq Composite Index ETF,MULTIPLE,MULTIPLE
2020-07-31,418.14,418.14,410.75,417.13,32947,ONEQ,ETF,Fidelity Nasdaq Composite Index ETF,MULTIPLE,MULTIPLE
2020-07-30,406.58,412.6374,405.25,411.94,37798,ONEQ,ETF,Fidelity Nasdaq Composite Index ETF,MULTIPLE,MULTIPLE
2020-07-29,407.97,411.4923,406.975,411.0,27538,ONEQ,ETF,Fidelity Nasdaq Composite Index ETF,MULTIPLE,MULTIPLE
2020-07-28,409.86,409.86,405.0628,405.87,29286,ONEQ,ETF,Fidelity Nasdaq Composite Index ETF,MULTIPLE,MULTIPLE
2020-07-27,405.47,410.9299,404.723,409.75,42097,ONEQ,ETF,Fidelity Nasdaq Composite Index ETF,MULTIPLE,MULTIPLE
2020-07-24,402.03,405.0558,397.37,402.36,72789,ONEQ,ETF,Fidelity Nasdaq Composite Index ETF,MULTIPLE,MULTIPLE
2020-07-23,417.61,417.61,406.0,406.94,68640,ONEQ,ETF,Fidelity Nasdaq Composite Index ETF,MULTIPLE,MULTIPLE
2020-07-22,415.83,418.2199,413.56,416.16,28065,ONEQ,ETF,Fidelity Nasdaq Composite Index ETF,MULTIPLE,MULTIPLE
2020-07-21,420.8,422.99,414.5,415.83,44586,ONEQ,ETF,Fidelity Nasdaq Composite Index ETF,MULTIPLE,MULTIPLE
2020-07-20,409.01,419.86,408.0,418.62,124615,ONEQ,ETF,Fidelity Nasdaq Composite Index ETF,MULTIPLE,MULTIPLE
2020-07-17,409.14,410.06,406.18,408.13,26994,ONEQ,ETF,Fidelity Nasdaq Composite Index ETF,MULTIPLE,MULTIPLE
2020-07-16,405.47,408.85,403.61,406.9,31624,ONEQ,ETF,Fidelity Nasdaq Composite Index ETF,MULTIPLE,MULTIPLE
2020-07-15,409.07,412.72,405.53,410.97,57049,ONEQ,ETF,Fidelity Nasdaq Composite Index ETF,MULTIPLE,MULTIPLE
2020-07-14,400.57,407.96,395.41,407.46,86280,ONEQ,ETF,Fidelity Nasdaq Composite Index ETF,MULTIPLE,MULTIPLE
2020-07-13,417.42,424.33,403.5,405.21,84373,ONEQ,ETF,Fidelity Nasdaq Composite Index ETF,MULTIPLE,MULTIPLE
2020-07-10,410.31,413.71,406.91,412.61,34475,ONEQ,ETF,Fidelity Nasdaq Composite Index ETF,MULTIPLE,MULTIPLE
2020-07-09,410.1,411.88,403.64,410.66,50550,ONEQ,ETF,Fidelity Nasdaq Composite Index ETF,MULTIPLE,MULTIPLE
2020-07-08,405.22,408.5,402.94,408.41,36055,ONEQ,ETF,Fidelity Nasdaq Composite Index ETF,MULTIPLE,MULTIPLE
2020-07-07,404.38,408.75,402.22,402.96,55062,ONEQ,ETF,Fidelity Nasdaq Composite Index ETF,MULTIPLE,MULTIPLE
2020-07-06,400.89,406.49,400.89,405.3,54613,ONEQ,ETF,Fidelity Nasdaq Composite Index ETF,MULTIPLE,MULTIPLE
2020-07-02,399.57,401.0,396.13,396.6,92823,ONEQ,ETF,Fidelity Nasdaq Composite Index ETF,MULTIPLE,MULTIPLE
2020-07-01,391.97,395.7,391.17,395.7,75096,ONEQ,ETF,Fidelity Nasdaq Composite Index ETF,MULTIPLE,MULTIPLE
2020-06-30,383.98,392.0,383.08,391.17,50055,ONEQ,ETF,Fidelity Nasdaq Composite Index ETF,MULTIPLE,MULTIPLE
2020-06-29,378.83,383.574,375.31,383.08,45698,ONEQ,ETF,Fidelity Nasdaq Composite Index ETF,MULTIPLE,MULTIPLE
2020-06-26,389.17,389.17,379.01,379.92,57133,ONEQ,ETF,Fidelity Nasdaq Composite Index ETF,MULTIPLE,MULTIPLE
2020-06-25,384.44,389.55,380.45,388.94,50252,ONEQ,ETF,Fidelity Nasdaq Composite Index ETF,MULTIPLE,MULTIPLE
2020-06-24,391.62,393.09,382.0,385.52,74252,ONEQ,ETF,Fidelity Nasdaq Composite Index ETF,MULTIPLE,MULTIPLE
2020-06-23,393.99,397.48,391.95,394.31,56255,ONEQ,ETF,Fidelity Nasdaq Composite Index ETF,MULTIPLE,MULTIPLE
2020-06-22,385.69,390.99,385.68,390.99,35060,ONEQ,ETF,Fidelity Nasdaq Composite Index ETF,MULTIPLE,MULTIPLE
2020-06-19,391.25,391.97,384.5,385.68,99119,ONEQ,ETF,Fidelity Nasdaq Composite Index ETF,MULTIPLE,MULTIPLE
2020-06-18,383.35,388.77,383.35,387.91,55947,ONEQ,ETF,Fidelity Nasdaq Composite Index ETF,MULTIPLE,MULTIPLE
2020-06-17,386.85,390.0,385.46,385.86,86320,ONEQ,ETF,Fidelity Nasdaq Composite Index ETF,MULTIPLE,MULTIPLE
2020-06-16,389.18,389.98,379.0,384.2,62824,ONEQ,ETF,Fidelity Nasdaq Composite Index ETF,MULTIPLE,MULTIPLE
2020-06-15,365.3,380.08,364.69,377.64,49613,ONEQ,ETF,Fidelity Nasdaq Composite Index ETF,MULTIPLE,MULTIPLE
2020-06-12,379.44,380.34,366.02,374.22,65526,ONEQ,ETF,Fidelity Nasdaq Composite Index ETF,MULTIPLE,MULTIPLE
2020-06-11,380.16,384.76,369.17,370.28,135309,ONEQ,ETF,Fidelity Nasdaq Composite Index ETF,MULTIPLE,MULTIPLE
2020-06-10,390.91,393.48,388.4,390.5,46011,ONEQ,ETF,Fidelity Nasdaq Composite Index ETF,MULTIPLE,MULTIPLE
2020-06-09,385.67,389.83,382.26,388.4,40387,ONEQ,ETF,Fidelity Nasdaq Composite Index ETF,MULTIPLE,MULTIPLE
2020-06-08,383.99,386.8,381.21,386.78,54006,ONEQ,ETF,Fidelity Nasdaq Composite Index ETF,MULTIPLE,MULTIPLE
2020-06-05,380.0,383.85,379.1,382.07,64203,ONEQ,ETF,Fidelity Nasdaq Composite Index ETF,MULTIPLE,MULTIPLE
2020-06-04,377.43,379.09,372.27,374.27,55753,ONEQ,ETF,Fidelity Nasdaq Composite Index ETF,MULTIPLE,MULTIPLE
2020-06-03,375.94,378.87,375.5,377.1,35790,ONEQ,ETF,Fidelity Nasdaq Composite Index ETF,MULTIPLE,MULTIPLE
2020-06-02,373.32,374.0,369.74,374.0,28038,ONEQ,ETF,Fidelity Nasdaq Composite Index ETF,MULTIPLE,MULTIPLE
2020-06-01,368.26,372.69,367.82,371.7,49887,ONEQ,ETF,Fidelity Nasdaq Composite Index ETF,MULTIPLE,MULTIPLE
2020-05-29,365.01,369.63,363.62,369.48,31730,ONEQ,ETF,Fidelity Nasdaq Composite Index ETF,MULTIPLE,MULTIPLE
2020-05-28,366.14,371.06,362.12,365.15,48781,ONEQ,ETF,Fidelity Nasdaq Composite Index ETF,MULTIPLE,MULTIPLE
2020-05-27,365.79,367.01,356.61,367.01,70345,ONEQ,ETF,Fidelity Nasdaq Composite Index ETF,MULTIPLE,MULTIPLE
2020-05-26,370.22,370.22,363.33,365.0,72042,ONEQ,ETF,Fidelity Nasdaq Composite Index ETF,MULTIPLE,MULTIPLE
2020-05-22,362.06,363.77,360.05,363.21,27636,ONEQ,ETF,Fidelity Nasdaq Composite Index ETF,MULTIPLE,MULTIPLE
2020-05-21,365.94,366.8,360.93,362.57,31039,ONEQ,ETF,Fidelity Nasdaq Composite Index ETF,MULTIPLE,MULTIPLE
2020-05-20,361.51,365.87,361.39,365.5,45109,ONEQ,ETF,Fidelity Nasdaq Composite Index ETF,MULTIPLE,MULTIPLE
2020-05-19,360.0,362.64,357.5,357.5,51554,ONEQ,ETF,Fidelity Nasdaq Composite Index ETF,MULTIPLE,MULTIPLE
2020-05-18,358.71,360.75,356.5,359.83,65410,ONEQ,ETF,Fidelity Nasdaq Composite Index ETF,MULTIPLE,MULTIPLE
2020-05-15,344.76,350.99,344.02,350.21,40342,ONEQ,ETF,Fidelity Nasdaq Composite Index ETF,MULTIPLE,MULTIPLE
2020-05-14,341.1,347.5,338.56,347.2,58195,ONEQ,ETF,Fidelity Nasdaq Composite Index ETF,MULTIPLE,MULTIPLE
2020-05-13,350.89,353.38,340.48,344.5,108041,ONEQ,ETF,Fidelity Nasdaq Composite Index ETF,MULTIPLE,MULTIPLE
2020-05-12,360.34,360.97,351.0,351.76,64002,ONEQ,ETF,Fidelity Nasdaq Composite Index ETF,MULTIPLE,MULTIPLE
2020-05-11,354.22,360.0,352.88,358.1,63867,ONEQ,ETF,Fidelity Nasdaq Composite Index ETF,MULTIPLE,MULTIPLE
2020-05-08,353.16,356.0,351.65,356.0,61647,ONEQ,ETF,Fidelity Nasdaq Composite Index ETF,MULTIPLE,MULTIPLE
2020-05-07,349.32,350.9,347.36,350.0,68292,ONEQ,ETF,Fidelity Nasdaq Composite Index ETF,MULTIPLE,MULTIPLE
2020-05-06,345.93,347.56,343.93,344.2,47176,ONEQ,ETF,Fidelity Nasdaq Composite Index ETF,MULTIPLE,MULTIPLE
2020-05-05,342.82,346.86,342.0,343.95,55399,ONEQ,ETF,Fidelity Nasdaq Composite Index ETF,MULTIPLE,MULTIPLE
2020-05-04,333.0,338.8,332.0,338.33,72328,ONEQ,ETF,Fidelity Nasdaq Composite Index ETF,MULTIPLE,MULTIPLE
2020-05-01,337.17,340.69,333.1,335.12,74940,ONEQ,ETF,Fidelity Nasdaq Composite Index ETF,MULTIPLE,MULTIPLE
2020-04-30,347.04,347.54,343.58,345.97,50231,ONEQ,ETF,Fidelity Nasdaq Composite Index ETF,MULTIPLE,MULTIPLE
2020-04-29,343.27,348.89,339.82,347.04,55952,ONEQ,ETF,Fidelity Nasdaq Composite Index ETF,MULTIPLE,MULTIPLE
2020-04-28,344.99,344.99,335.43,335.82,68679,ONEQ,ETF,Fidelity Nasdaq Composite Index ETF,MULTIPLE,MULTIPLE
2020-04-27,339.99,341.89,338.86,340.0,83601,ONEQ,ETF,Fidelity Nasdaq Composite Index ETF,MULTIPLE,MULTIPLE
2020-04-24,333.35,336.81,329.67,335.66,57879,ONEQ,ETF,Fidelity Nasdaq Composite Index ETF,MULTIPLE,MULTIPLE
2020-04-23,332.33,336.23,330.51,331.42,66865,ONEQ,ETF,Fidelity Nasdaq Composite Index ETF,MULTIPLE,MULTIPLE
2020-04-22,328.86,332.32,327.24,330.5,44562,ONEQ,ETF,Fidelity Nasdaq Composite Index ETF,MULTIPLE,MULTIPLE
2020-04-21,330.0,330.63,319.5,322.51,112104,ONEQ,ETF,Fidelity Nasdaq Composite Index ETF,MULTIPLE,MULTIPLE
2020-04-20,332.77,338.42,332.35,333.0,72887,ONEQ,ETF,Fidelity Nasdaq Composite Index ETF,MULTIPLE,MULTIPLE
2020-04-17,338.25,338.25,332.62,336.0,81434,ONEQ,ETF,Fidelity Nasdaq Composite Index ETF,MULTIPLE,MULTIPLE
2020-04-16,330.71,333.31,326.59,332.97,48531,ONEQ,ETF,Fidelity Nasdaq Composite Index ETF,MULTIPLE,MULTIPLE
2020-04-15,327.29,329.5,323.56,326.89,55958,ONEQ,ETF,Fidelity Nasdaq Composite Index ETF,MULTIPLE,MULTIPLE
2020-04-14,327.82,332.39,325.82,330.68,126440,ONEQ,ETF,Fidelity Nasdaq Composite Index ETF,MULTIPLE,MULTIPLE
2020-04-13,318.31,319.75,312.18,319.72,40017,ONEQ,ETF,Fidelity Nasdaq Composite Index ETF,MULTIPLE,MULTIPLE
2020-04-09,318.04,321.0,314.09,317.85,89861,ONEQ,ETF,Fidelity Nasdaq Composite Index ETF,MULTIPLE,MULTIPLE
2020-04-08,309.35,315.23,307.66,315.2,58866,ONEQ,ETF,Fidelity Nasdaq Composite Index ETF,MULTIPLE,MULTIPLE
2020-04-07,317.9,318.54,306.07,307.91,108856,ONEQ,ETF,Fidelity Nasdaq Composite Index ETF,MULTIPLE,MULTIPLE
2020-04-06,296.89,308.23,295.1,306.99,82564,ONEQ,ETF,Fidelity Nasdaq Composite Index ETF,MULTIPLE,MULTIPLE
2020-04-03,289.6,292.0,283.26,286.14,36843,ONEQ,ETF,Fidelity Nasdaq Composite Index ETF,MULTIPLE,MULTIPLE
2020-04-02,284.52,292.17,283.67,290.65,39130,ONEQ,ETF,Fidelity Nasdaq Composite Index ETF,MULTIPLE,MULTIPLE
2020-04-01,288.26,294.16,283.51,285.72,77070,ONEQ,ETF,Fidelity Nasdaq Composite Index ETF,MULTIPLE,MULTIPLE
2020-03-31,301.56,306.89,297.47,298.59,76140,ONEQ,ETF,Fidelity Nasdaq Composite Index ETF,MULTIPLE,MULTIPLE
2020-03-30,293.8,302.36,293.12,301.56,75909,ONEQ,ETF,Fidelity Nasdaq Composite Index ETF,MULTIPLE,MULTIPLE
2020-03-27,293.81,300.09,290.01,292.53,110612,ONEQ,ETF,Fidelity Nasdaq Composite Index ETF,MULTIPLE,MULTIPLE
2020-03-26,291.32,305.0,289.33,305.0,143036,ONEQ,ETF,Fidelity Nasdaq Composite Index ETF,MULTIPLE,MULTIPLE
2020-03-25,290.7,299.11,282.51,287.52,222625,ONEQ,ETF,Fidelity Nasdaq Composite Index ETF,MULTIPLE,MULTIPLE
2020-03-24,282.51,288.25,277.62,288.04,174797,ONEQ,ETF,Fidelity Nasdaq Composite Index ETF,MULTIPLE,MULTIPLE
2020-03-23,265.85,270.87,257.38,266.23,170366,ONEQ,ETF,Fidelity Nasdaq Composite Index ETF,MULTIPLE,MULTIPLE
2020-03-20,282.59,286.0,266.01,267.18,121306,ONEQ,ETF,Fidelity Nasdaq Composite Index ETF,MULTIPLE,MULTIPLE
2020-03-19,270.43,286.43,266.17,277.28,171088,ONEQ,ETF,Fidelity Nasdaq Composite Index ETF,MULTIPLE,MULTIPLE
2020-03-18,268.51,280.0,260.0,274.99,142589,ONEQ,ETF,Fidelity Nasdaq Composite Index ETF,MULTIPLE,MULTIPLE
2020-03-17,273.97,289.0,267.02,285.31,131557,ONEQ,ETF,Fidelity Nasdaq Composite Index ETF,MULTIPLE,MULTIPLE
2020-03-16,270.0,289.11,267.98,270.0,158794,ONEQ,ETF,Fidelity Nasdaq Composite Index ETF,MULTIPLE,MULTIPLE
2020-03-13,298.28,306.45,280.71,306.45,111119,ONEQ,ETF,Fidelity Nasdaq Composite Index ETF,MULTIPLE,MULTIPLE
2020-03-12,287.45,299.49,280.0,280.25,223197,ONEQ,ETF,Fidelity Nasdaq Composite Index ETF,MULTIPLE,MULTIPLE
2020-03-11,316.32,318.61,306.23,310.22,78117,ONEQ,ETF,Fidelity Nasdaq Composite Index ETF,MULTIPLE,MULTIPLE
2020-03-10,326.0,328.63,308.77,325.0,119174,ONEQ,ETF,Fidelity Nasdaq Composite Index ETF,MULTIPLE,MULTIPLE
2020-03-09,310.31,321.15,305.99,311.0,190026,ONEQ,ETF,Fidelity Nasdaq Composite Index ETF,MULTIPLE,MULTIPLE
2020-03-06,330.0,339.35,327.0,334.47,122008,ONEQ,ETF,Fidelity Nasdaq Composite Index ETF,MULTIPLE,MULTIPLE
2020-03-05,343.8,347.41,338.5,344.0,92414,ONEQ,ETF,Fidelity Nasdaq Composite Index ETF,MULTIPLE,MULTIPLE
2020-03-04,345.03,351.5,340.72,351.5,66955,ONEQ,ETF,Fidelity Nasdaq Composite Index ETF,MULTIPLE,MULTIPLE
2020-03-03,348.77,354.65,335.52,337.9,167811,ONEQ,ETF,Fidelity Nasdaq Composite Index ETF,MULTIPLE,MULTIPLE
2020-03-02,336.8,348.7,332.33,348.05,172563,ONEQ,ETF,Fidelity Nasdaq Composite Index ETF,MULTIPLE,MULTIPLE
2020-02-28,320.87,334.7,317.84,334.0,300213,ONEQ,ETF,Fidelity Nasdaq Composite Index ETF,MULTIPLE,MULTIPLE
2020-02-27,341.24,345.78,333.01,333.01,194661,ONEQ,ETF,Fidelity Nasdaq Composite Index ETF,MULTIPLE,MULTIPLE
2020-02-26,349.93,356.3,347.47,349.5,97626,ONEQ,ETF,Fidelity Nasdaq Composite Index ETF,MULTIPLE,MULTIPLE
2020-02-25,360.91,362.08,347.78,348.7,163798,ONEQ,ETF,Fidelity Nasdaq Composite Index ETF,MULTIPLE,MULTIPLE
2020-02-24,358.12,362.81,353.41,361.15,155834,ONEQ,ETF,Fidelity Nasdaq Composite Index ETF,MULTIPLE,MULTIPLE
2020-02-21,377.67,378.21,371.5,372.52,63375,ONEQ,ETF,Fidelity Nasdaq Composite Index ETF,MULTIPLE,MULTIPLE
2020-02-20,382.45,382.83,375.31,380.14,48943,ONEQ,ETF,Fidelity Nasdaq Composite Index ETF,MULTIPLE,MULTIPLE
2020-02-19,383.85,383.85,381.06,382.46,29090,ONEQ,ETF,Fidelity Nasdaq Composite Index ETF,MULTIPLE,MULTIPLE
2020-02-18,378.86,379.76,377.21,379.3,32799,ONEQ,ETF,Fidelity Nasdaq Composite Index ETF,MULTIPLE,MULTIPLE
2020-02-14,381.7,381.7,377.99,378.9,33774,ONEQ,ETF,Fidelity Nasdaq Composite Index ETF,MULTIPLE,MULTIPLE
2020-02-13,377.62,379.85,376.0,379.21,38525,ONEQ,ETF,Fidelity Nasdaq Composite Index ETF,MULTIPLE,MULTIPLE
2020-02-12,378.99,379.56,376.9,379.4,41085,ONEQ,ETF,Fidelity Nasdaq Composite Index ETF,MULTIPLE,MULTIPLE
2020-02-11,378.43,378.73,375.0,375.29,44012,ONEQ,ETF,Fidelity Nasdaq Composite Index ETF,MULTIPLE,MULTIPLE
2020-02-10,370.51,374.88,370.34,374.49,30023,ONEQ,ETF,Fidelity Nasdaq Composite Index ETF,MULTIPLE,MULTIPLE
2020-02-07,371.89,373.03,370.13,370.54,31194,ONEQ,ETF,Fidelity Nasdaq Composite Index ETF,MULTIPLE,MULTIPLE
2020-02-06,371.68,373.25,370.42,373.2,31775,ONEQ,ETF,Fidelity Nasdaq Composite Index ETF,MULTIPLE,MULTIPLE
2020-02-05,372.21,374.3,368.11,370.42,44255,ONEQ,ETF,Fidelity Nasdaq Composite Index ETF,MULTIPLE,MULTIPLE
2020-02-04,365.53,368.99,364.53,368.78,46867,ONEQ,ETF,Fidelity Nasdaq Composite Index ETF,MULTIPLE,MULTIPLE
2020-02-03,357.13,361.43,357.13,360.25,47348,ONEQ,ETF,Fidelity Nasdaq Composite Index ETF,MULTIPLE,MULTIPLE
2020-01-31,362.55,362.55,354.85,355.79,67766,ONEQ,ETF,Fidelity Nasdaq Composite Index ETF,MULTIPLE,MULTIPLE
2020-01-30,358.2,362.07,357.1,361.93,37050,ONEQ,ETF,Fidelity Nasdaq Composite Index ETF,MULTIPLE,MULTIPLE
2020-01-29,362.93,363.14,359.77,360.56,36053,ONEQ,ETF,Fidelity Nasdaq Composite Index ETF,MULTIPLE,MULTIPLE
2020-01-28,357.31,361.23,357.09,360.79,38192,ONEQ,ETF,Fidelity Nasdaq Composite Index ETF,MULTIPLE,MULTIPLE
2020-01-27,356.04,357.42,353.08,355.97,102813,ONEQ,ETF,Fidelity Nasdaq Composite Index ETF,MULTIPLE,MULTIPLE
2020-01-24,369.44,369.44,361.08,363.69,44126,ONEQ,ETF,Fidelity Nasdaq Composite Index ETF,MULTIPLE,MULTIPLE
2020-01-23,366.16,366.98,362.85,366.09,35790,ONEQ,ETF,Fidelity Nasdaq Composite Index ETF,MULTIPLE,MULTIPLE
2020-01-22,371.41,372.0,365.46,366.12,59131,ONEQ,ETF,Fidelity Nasdaq Composite Index ETF,MULTIPLE,MULTIPLE
2020-01-21,365.09,366.08,364.4,364.86,51123,ONEQ,ETF,Fidelity Nasdaq Composite Index ETF,MULTIPLE,MULTIPLE
2020-01-17,368.9,368.9,364.38,365.25,53472,ONEQ,ETF,Fidelity Nasdaq Composite Index ETF,MULTIPLE,MULTIPLE
2020-01-16,362.49,364.47,362.22,364.14,28532,ONEQ,ETF,Fidelity Nasdaq Composite Index ETF,MULTIPLE,MULTIPLE
2020-01-15,360.83,362.6,360.12,361.4,49872,ONEQ,ETF,Fidelity Nasdaq Composite Index ETF,MULTIPLE,MULTIPLE
2020-01-14,361.79,362.74,359.68,360.36,36756,ONEQ,ETF,Fidelity Nasdaq Composite Index ETF,MULTIPLE,MULTIPLE
2020-01-13,358.18,361.4,358.18,361.4,44446,ONEQ,ETF,Fidelity Nasdaq Composite Index ETF,MULTIPLE,MULTIPLE
2020-01-10,359.99,359.99,357.29,357.63,41684,ONEQ,ETF,Fidelity Nasdaq Composite Index ETF,MULTIPLE,MULTIPLE
2020-01-09,358.55,359.0,357.2,358.99,49913,ONEQ,ETF,Fidelity Nasdaq Composite Index ETF,MULTIPLE,MULTIPLE
2020-01-08,352.48,357.4,352.48,355.01,43126,ONEQ,ETF,Fidelity Nasdaq Composite Index ETF,MULTIPLE,MULTIPLE
2020-01-07,353.1,354.03,352.05,353.01,40486,ONEQ,ETF,Fidelity Nasdaq Composite Index ETF,MULTIPLE,MULTIPLE
2020-01-06,351.74,353.11,348.49,353.1,41055,ONEQ,ETF,Fidelity Nasdaq Composite Index ETF,MULTIPLE,MULTIPLE
2020-01-03,350.97,353.1,350.5,352.0,51985,ONEQ,ETF,Fidelity Nasdaq Composite Index ETF,MULTIPLE,MULTIPLE
2020-01-02,352.26,353.8,350.4,353.8,100330,ONEQ,ETF,Fidelity Nasdaq Composite Index ETF,MULTIPLE,MULTIPLE
